mySeq,EU236594,KP236130,KP264975,KP264980,KU159361,KU168861,KU168862,KU195360,KY432299,MT160419,NC010354
V,V,V,-,V,V,V,V,V,V,V,V
Q,Q,Q,-,Q,Q,Q,Q,Q,Q,Q,Q
F,F,F,-,F,F,F,F,S,F,F,F
S,S,S,-,S,S,G,S,S,G,G,S
*,*,*,-,*,*,*,*,*,*,*,*
Y,Y,Y,-,Y,Y,Y,Y,Y,Y,Y,Y
V,M,M,-,M,M,R,M,M,R,R,M
G,E,G,-,G,G,E,G,G,E,E,E
F,F,F,-,F,F,F,F,F,L,L,F
T,T,T,-,T,T,L,T,T,I,I,T
C,C,C,-,C,C,C,C,C,C,C,C
H,H,H,-,H,H,C,H,H,C,C,H
G,G,G,-,G,G,L,G,G,G,G,G
S,S,S,-,S,S,C,S,S,C,C,S
S,S,S,-,S,S,S,S,S,S,S,S
K,E,E,-,E,E,E,E,K,E,E,E
L,L,L,-,L,L,L,L,L,L,L,L
D,G,D,-,G,G,G,G,G,G,G,G
L,L,L,-,L,L,F,L,L,F,F,L
*,*,*,-,*,*,*,*,*,*,*,*
C,Y,C,-,C,C,*,C,C,*,*,Y
G,D,G,-,G,G,D,G,G,D,D,D
S,S,S,-,S,S,S,S,S,S,S,S
L,L,L,-,L,L,L,L,L,L,L,L
R,R,R,-,R,R,R,R,R,R,R,R
M,M,M,-,M,M,M,M,M,M,M,M
P,P,P,-,P,P,P,P,P,P,P,P
S,S,S,-,S,S,S,S,S,S,S,S
R,R,R,-,R,R,R,R,R,R,R,R
Y,Y,Y,-,Y,Y,Y,Y,Y,Y,Y,Y
P,P,P,-,P,P,P,P,P,P,P,P
E,G,G,-,E,E,G,E,G,G,G,G
V,V,V,-,V,V,V,V,V,V,V,V
T,T,T,-,T,T,T,T,T,T,T,T
S,S,S,-,S,S,S,S,S,S,S,S
D,D,D,-,D,D,D,D,D,D,D,D
T,T,T,-,T,T,T,T,T,T,T,T
Q,R,R,-,R,R,Q,R,R,Q,Q,R
D,D,D,-,D,D,D,D,D,D,D,D
L,L,L,-,L,L,L,L,L,L,L,L
R,R,R,-,R,R,R,R,R,R,R,R
R,R,R,-,R,R,R,R,R,R,R,R
G,G,G,-,G,G,G,G,G,G,G,G
L,L,L,-,L,L,P,L,L,S,S,L
L,L,L,-,L,L,P,L,L,P,P,L
Y,Y,Y,-,Y,Y,C,Y,Y,C,C,Y
V,V,V,-,V,V,A,V,V,V,V,V
V,V,V,-,V,V,V,V,V,I,I,V
*,*,*,-,*,*,*,*,*,*,*,*
K,K,K,-,K,K,K,K,K,K,K,K
T,T,T,-,T,T,T,T,T,T,T,T
S,S,S,-,S,S,S,S,S,S,S,S
K,K,K,-,K,K,K,K,K,K,K,K
L,L,L,-,L,L,L,L,L,L,L,L
L,L,L,-,L,L,L,P,L,S,S,L
R,W,R,-,R,R,W,R,R,R,R,W
*,*,*,-,*,*,*,*,*,*,*,*
P,P,P,-,P,P,P,P,P,P,P,P
E,E,E,-,E,E,E,E,E,E,E,E
A,A,A,-,A,A,A,A,A,A,A,A
G,G,G,-,G,G,G,G,G,G,G,G
T,T,T,-,T,T,T,T,T,T,T,T
F,F,F,-,F,F,F,F,F,F,F,F
H,H,H,-,H,H,H,H,H,H,H,H
F,F,F,-,?,F,F,?,F,F,F,F
?,?,?,-,?,?,K,?,?,Y,Y,?
K,K,K,-,*,K,T,*,K,H,H,K
L,L,T,-,T,I,L,T,T,F,F,L
H,H,N,-,H,H,I,H,N,S,S,H
S,S,S,-,F,S,N,S,S,T,T,S
E,D,D,-,D,D,W,D,D,D,D,D
Y,Y,Y,-,Y,Y,S,Y,Y,H,H,Y
N,N,N,-,N,N,Q,N,N,K,K,N
*,*,*,-,*,*,T,*,*,Q,Q,*
S,S,S,-,S,S,K,S,S,R,R,S
D,D,D,-,D,D,E,D,D,N,N,D
N,N,N,-,N,N,S,N,N,Y,Y,N
G,G,G,-,G,G,R,G,G,V,V,G
F,F,F,-,F,F,F,F,F,T,T,F
T,T,T,-,T,T,T,T,T,A,A,T
D,G,D,G,D,D,D,D,D,G,G,G
F,F,F,F,F,F,F,F,F,S,S,F
Q,Q,Q,Q,Q,Q,Q,Q,Q,Q,Q,Q
T,T,T,T,T,T,T,T,T,T,T,T
S,S,S,S,S,S,S,S,S,S,S,S
Y,Y,N,Y,Y,Y,Y,Y,S,Y,Y,Y
T,T,T,K,T,T,T,T,T,T,T,T
S,S,S,S,S,S,S,S,S,S,S,S
T,T,T,T,T,T,T,T,T,T,T,T
V,V,V,V,V,V,V,V,V,V,V,V
?,?,?,?,?,?,?,?,?,F,F,?
S,P,?,S,S,S,T,S,?,T,T,P
N,D,N,H,N,N,Y,N,N,F,F,D
T,T,A,A,T,T,N,T,A,?,?,T
H,H,R,H,H,H,N,H,H,-,-,H
?,?,?,?,N,N,C,N,?,-,-,?
F,F,F,F,F,F,Y,F,F,-,-,F
M,M,M,M,M,M,M,M,M,?,?,M
T,T,T,T,T,T,T,T,T,T,T,T
T,T,T,T,T,T,T,T,T,T,T,T
E,E,E,E,E,E,E,E,E,E,E,E
R,R,R,R,R,R,R,R,R,R,R,R
L,L,L,L,L,L,L,L,L,L,L,L
L,L,L,L,L,L,L,L,L,L,L,L
H,H,H,H,H,H,H,H,H,H,H,H
Q,Q,Q,Q,Q,Q,H,Q,Q,H,H,Q
L,L,L,L,L,L,L,L,L,L,L,L
L,L,L,L,L,L,L,L,L,L,L,L
I,I,I,I,I,I,I,I,V,I,I,I
H,H,H,H,H,H,D,H,H,D,D,H
T,T,T,T,T,T,T,T,T,T,T,T
I,I,I,I,I,I,I,I,I,I,I,I
H,H,H,H,H,H,H,H,H,H,H,H
K,K,K,K,K,K,K,K,N,K,K,K
K,K,N,K,K,K,K,K,K,K,K,K
I,I,I,I,I,I,I,I,I,I,I,I
N,N,N,N,N,N,N,N,N,N,N,N
K,K,R,K,K,K,K,K,K,K,K,K
T,T,T,R,I,I,T,I,T,T,T,T
N,N,N,N,N,N,N,N,N,N,N,N
N,N,N,N,N,N,K,N,N,N,N,N
M,M,M,M,M,M,M,M,M,M,M,M
T,A,A,A,A,A,A,A,A,A,A,A
L,L,L,L,L,L,L,L,L,L,L,L
E,E,E,E,E,E,E,E,E,E,E,E
L,L,L,L,L,L,L,L,L,L,L,L
G,G,G,G,G,G,G,G,G,G,G,G
F,F,F,F,F,F,F,F,F,F,F,F
N,N,N,N,N,N,N,N,N,N,N,N
N,N,N,N,N,N,N,N,N,N,N,N
T,T,T,T,T,T,T,T,T,T,T,T
L,L,L,L,L,L,L,L,L,L,L,L
K,V,V,K,K,K,V,K,V,V,V,V
T,T,T,T,T,T,T,T,T,T,T,T
S,A,A,T,S,S,A,S,A,A,A,A
D,D,D,D,D,D,D,D,D,D,D,D
L,L,L,L,L,L,L,L,L,L,L,L
D,D,D,D,D,D,D,D,D,D,D,D
G,G,G,G,G,G,G,G,G,G,G,G
N,N,N,N,N,N,N,N,N,N,N,N
E,E,E,E,E,E,E,E,E,E,E,E
K,K,K,K,K,K,K,K,K,K,K,K
I,I,I,I,I,I,I,I,I,I,I,I
I,I,M,I,I,I,I,I,I,M,M,I
H,H,H,H,H,H,H,H,H,H,H,H
G,G,G,G,G,G,G,G,G,G,G,G
L,L,L,L,L,L,L,L,L,L,L,L
P,P,P,P,P,P,P,P,P,P,P,P
N,N,N,N,N,N,N,N,N,N,N,N
R,R,R,R,R,R,R,R,R,R,R,R
H,H,H,H,H,H,H,H,H,H,H,H
D,D,D,D,D,D,D,D,D,D,D,D
N,N,N,N,N,N,N,N,N,N,N,N
C,C,C,C,C,C,C,C,C,C,C,C
W,W,W,W,W,W,W,W,W,W,W,W
L,L,L,L,L,L,L,L,L,L,L,L
N,N,N,N,N,N,N,N,N,N,N,N
S,S,S,A,S,S,A,S,S,S,S,S
L,L,L,L,L,L,L,L,L,L,L,L
M,M,M,M,M,M,M,M,M,M,M,M
Q,Q,Q,Q,Q,Q,Q,Q,Q,Q,Q,Q
M,M,M,M,M,M,M,M,M,M,M,M
T,T,T,T,T,T,T,T,T,T,T,T
N,N,N,N,N,N,N,N,N,N,N,N
W,W,W,W,W,W,W,W,W,W,W,W
V,V,V,V,V,V,V,V,V,V,V,V
G,G,G,G,G,G,G,G,G,G,G,G
E,E,E,E,E,E,E,E,E,E,E,E
G,G,G,G,R,R,G,R,G,G,G,G
F,F,F,F,F,F,F,F,F,F,F,F
F,F,F,F,F,F,F,F,F,F,F,F
K,K,R,K,K,K,K,K,K,R,R,K
N,N,E,N,N,N,S,N,N,E,E,N
T,T,T,T,T,T,T,T,T,T,T,T
Y,Y,Y,Y,Y,Y,Y,Y,Y,Y,Y,Y
D,D,D,D,D,D,D,D,D,D,D,D
N,N,N,N,N,N,N,N,N,N,N,N
P,P,P,P,P,P,P,P,P,P,P,P
D,D,D,D,D,D,D,D,D,D,D,D
L,L,L,L,L,L,L,L,L,L,L,L
I,I,I,I,I,I,I,I,I,I,I,I
P,P,P,P,P,P,P,P,P,P,P,P
Q,Q,Q,Q,Q,Q,Q,Q,Q,Q,Q,Q
T,T,T,T,T,T,T,T,T,T,T,T
I,I,I,I,I,I,I,I,I,I,I,I
K,K,K,K,K,K,R,K,K,K,K,K
F,F,F,F,F,F,F,F,F,F,F,F
L,L,L,L,L,L,L,L,L,L,L,L
T,T,T,T,T,T,T,T,T,T,T,T
E,E,D,E,E,E,E,E,E,D,D,E
Y,Y,Y,Y,Y,Y,Y,Y,Y,Y,Y,Y
T,T,T,T,T,T,T,T,T,T,T,T
G,G,G,G,G,G,G,G,G,G,G,G
I,T,I,I,I,I,I,I,I,I,I,T
D,D,D,D,D,D,D,D,D,D,D,D
L,L,L,L,L,L,L,L,L,L,L,L
S,S,S,S,S,S,S,S,S,S,S,S
Y,Y,Y,Y,Y,Y,Y,Y,Y,Y,Y,Y
G,G,G,G,G,G,G,G,G,G,G,G
G,G,G,G,G,G,G,G,G,G,G,G
P,P,P,P,P,P,P,P,P,P,P,P
P,P,P,P,P,P,P,P,P,P,P,P
S,S,S,S,S,S,S,S,S,S,S,S
I,I,I,I,I,I,I,I,I,I,I,I
V,V,V,V,V,V,V,V,V,V,V,V
L,L,L,L,L,L,L,L,L,L,L,L
Y,Y,Y,Y,Y,Y,Y,Y,Y,Y,Y,Y
K,K,K,K,K,K,K,K,K,K,K,K
I,I,I,I,I,I,I,I,I,I,I,I
K,R,R,K,K,K,R,R,R,R,R,R
D,D,D,D,D,D,D,D,D,D,D,D
L,L,L,L,L,L,L,L,L,L,L,L
L,L,L,L,L,L,L,L,L,L,L,L
D,D,D,D,D,D,D,D,D,D,D,D
T,T,T,T,T,T,T,T,T,T,T,T
K,K,K,K,K,K,K,K,K,K,K,K
V,V,V,V,V,V,V,V,V,V,V,V
G,G,G,G,G,G,G,G,G,G,G,G
T,T,T,T,T,T,T,T,T,T,T,T
S,S,S,S,S,S,S,S,S,S,S,S
K,K,K,K,K,K,K,K,K,K,K,K
E,E,E,E,E,E,E,E,E,E,E,E
P,P,P,P,P,P,P,P,P,P,P,P
G,G,G,G,G,G,G,G,G,G,G,G
D,D,D,D,D,D,D,D,D,D,D,D
Y,Y,Y,Y,Y,Y,Y,Y,Y,Y,Y,Y
V,I,V,V,V,V,V,V,V,V,V,I
V,V,V,V,V,V,V,V,V,V,V,V
S,S,S,S,S,S,S,S,S,S,S,S
C,C,C,C,C,C,C,C,C,C,C,C
R,Q,Q,Q,Q,Q,Q,Q,Q,Q,Q,Q
G,G,G,G,G,G,G,G,G,G,G,G
N,T,N,V,N,N,V,N,N,T,T,T
Y,Y,Y,Y,Y,Y,Y,Y,Y,Y,Y,Y
C,C,C,C,C,C,C,C,C,C,C,C
L,L,L,L,L,L,L,L,L,L,L,L
A,A,A,A,A,A,A,A,A,A,A,A
D,D,D,D,D,D,D,D,D,D,D,D
M,M,M,M,M,M,M,M,M,M,M,M
Q,Q,Q,Q,Q,Q,Q,Q,Q,Q,Q,Q
A,A,A,A,A,A,A,A,A,A,A,A
G,G,G,G,G,G,G,G,G,G,G,G
V,V,V,V,V,V,V,V,V,V,V,V
F,F,F,F,F,F,F,F,F,F,F,F
M,M,M,M,M,M,M,M,M,M,M,M
D,D,E,D,D,E,D,D,E,E,E,D
G,G,G,G,G,G,G,G,G,G,G,G
E,E,E,E,E,E,E,E,E,E,E,E
E,E,E,E,E,E,E,E,E,E,E,E
H,H,H,H,H,H,H,H,H,H,H,H
A,A,A,A,A,A,A,A,A,A,A,A
V,V,V,V,V,V,V,V,V,V,V,V
F,F,F,F,F,F,F,F,F,F,F,F
Y,Y,Y,Y,Y,Y,Y,Y,Y,Y,Y,Y
A,A,A,A,A,A,A,A,A,A,A,A
C,C,C,C,C,C,C,C,C,C,C,C
T,T,T,T,T,T,T,T,T,T,T,T
A,A,A,A,A,A,A,A,A,A,A,A
L,L,L,L,L,L,L,L,L,L,L,L
G,G,G,G,G,G,G,G,G,G,G,G
W,W,W,W,W,W,W,W,W,W,W,W
I,I,I,I,I,I,I,I,I,V,V,I
K,K,K,R,K,K,R,K,K,K,K,K
V,V,V,V,V,V,V,V,V,I,I,V
D,D,D,D,D,D,D,D,D,D,D,D
D,D,D,D,D,D,D,D,D,D,D,D
E,E,E,E,E,E,E,E,E,E,E,E
N,S,N,N,N,N,S,N,N,N,N,S
I,I,I,I,I,I,I,I,I,I,I,I
T,T,V,T,T,V,T,T,V,T,T,T
R,R,R,R,R,R,R,R,R,R,R,R
C,C,C,C,C,C,C,C,C,C,C,C
I,I,I,I,I,I,I,I,I,I,I,I
P,P,P,P,P,P,P,P,P,P,P,P
D,D,D,D,D,D,D,D,D,D,D,D
P,P,P,P,P,P,P,P,P,P,P,P
A,A,A,A,A,A,A,A,A,A,A,A
N,N,N,N,N,N,N,N,N,N,N,N
V,V,V,V,V,V,V,V,V,V,V,V
L,L,L,L,L,L,L,L,L,L,L,L
V,V,V,V,V,V,V,V,V,V,V,V
F,F,F,F,F,F,F,F,F,F,F,F
V,V,V,V,V,V,V,V,V,V,V,V
P,P,P,P,P,P,P,P,P,P,P,P
W,W,W,W,W,W,W,W,W,W,W,W
D,D,D,D,D,D,D,D,D,D,D,D
R,R,R,R,R,R,R,R,R,R,R,R
E,E,E,E,E,E,E,E,E,E,E,E
T,T,T,T,T,T,T,T,T,T,T,T
I,I,I,I,I,I,I,I,I,I,I,I
C,C,C,C,C,C,C,C,C,C,C,C
D,D,D,D,D,D,D,D,D,D,D,D
Y,Y,Y,Y,Y,Y,Y,Y,Y,Y,Y,Y
D,D,D,D,D,D,D,D,D,D,D,D
E,A,T,T,T,T,T,T,T,A,A,A
N,E,E,E,E,E,E,E,E,E,E,E
F,F,F,F,F,F,F,F,F,F,F,F
F,F,F,F,F,F,F,F,F,F,F,F
H,K,N,N,K,N,N,K,N,N,N,K
Q,Q,Q,Q,Q,Q,Q,Q,Q,Q,Q,Q
T,V,V,V,V,V,V,V,V,V,V,V
Y,Y,Y,Y,Y,Y,Y,Y,Y,Y,Y,Y
L,L,V,L,L,A,L,L,V,V,V,L
K,R,R,R,R,R,K,R,R,R,R,R
G,G,G,G,G,G,G,G,G,G,G,G
A,A,A,A,A,A,A,A,A,A,A,A
G,G,G,G,G,G,G,G,G,G,G,G
S,S,S,S,S,S,S,S,S,S,S,S
S,S,S,S,S,S,S,S,S,S,S,S
K,K,K,K,K,K,K,K,K,K,K,K
P,P,P,P,P,P,P,P,P,P,P,P
Q,Q,Q,Q,Q,Q,Q,Q,Q,Q,Q,Q
S,S,S,S,S,S,S,S,S,S,S,S
G,G,G,G,G,G,G,G,G,G,G,G
N,N,N,N,N,N,N,N,N,N,N,N
V,V,V,V,V,V,V,V,V,V,V,V
N,N,N,N,N,N,N,N,N,N,N,N
E,E,E,E,E,E,E,E,E,E,E,E
S,S,S,S,S,S,S,S,S,S,S,S
G,G,G,G,G,G,G,G,G,G,G,G
N,N,N,N,N,N,N,N,N,N,N,N
S,S,S,S,S,S,S,S,S,S,S,S
G,G,G,G,G,G,G,G,G,G,G,G
S,S,S,S,S,S,S,S,S,S,S,S
I,I,I,I,I,I,I,I,I,I,I,I
V,I,V,V,I,V,V,I,V,V,V,I
N,N,N,N,N,N,N,N,N,N,N,N
N,N,N,N,N,N,N,N,N,N,N,N
Y,Y,Y,Y,Y,Y,Y,Y,Y,Y,Y,Y
Y,Y,Y,Y,Y,Y,Y,Y,Y,Y,Y,Y
M,M,M,M,M,M,M,M,M,M,M,M
Q,Q,Q,Q,Q,Q,Q,Q,Q,Q,Q,Q
Q,Q,Q,Q,Q,Q,Q,Q,Q,Q,Q,Q
Y,Y,Y,Y,Y,Y,Y,Y,Y,Y,Y,Y
Q,Q,Q,Q,Q,Q,Q,Q,Q,Q,Q,Q
N,N,N,N,N,N,N,N,N,N,N,N
S,S,S,S,S,S,S,S,S,S,S,S
I,I,I,I,I,I,I,I,I,I,I,I
D,D,D,D,D,D,D,D,D,D,D,D
A,V,A,A,A,A,A,A,A,A,A,V
T,T,T,T,T,T,T,T,T,T,T,T
I,V,V,I,V,V,I,V,V,V,V,V
G,G,G,G,G,G,G,G,G,G,G,G
D,D,D,D,D,D,D,D,D,D,D,D
K,K,K,K,K,K,K,K,K,K,K,K
T,T,T,T,T,T,T,T,T,T,T,T
T,T,T,T,T,T,T,T,T,T,T,T
E,E,E,E,E,E,E,E,E,E,E,E
G,G,G,G,G,G,G,G,G,G,G,G
G,G,G,G,G,G,G,G,G,G,G,G
S,S,S,S,S,S,S,S,S,S,S,S
G,G,G,G,G,G,G,G,G,G,G,G
S,S,S,S,S,S,S,S,S,S,S,S
G,G,G,G,G,G,G,G,G,G,G,G
D,D,D,D,D,D,D,D,D,D,D,D
T,T,T,T,T,T,T,T,T,T,T,T
A,A,A,A,A,A,A,A,A,A,A,A
G,G,G,G,G,G,G,G,G,G,G,G
S,S,S,S,S,S,S,S,S,S,S,S
A,A,A,A,A,A,A,A,A,A,A,A
T,T,T,T,T,T,T,T,T,T,T,T
H,H,H,H,H,H,H,H,Q,H,H,H
N,N,N,N,N,N,N,N,N,N,N,N
N,N,N,N,N,N,N,N,N,N,N,N
T,T,T,T,T,T,T,T,T,T,T,T
T,T,T,T,T,T,T,T,T,T,T,T
K,K,K,K,K,K,K,K,K,K,K,K
Q,E,E,H,E,E,Q,E,E,Q,Q,E
D,D,D,D,D,D,E,D,D,D,D,D
N,K,K,K,K,K,K,K,K,K,K,K
G,G,G,E,A,G,E,A,G,D,D,G
K,K,K,K,K,K,K,K,K,K,K,K
D,D,D,D,D,D,D,D,D,D,D,D
D,D,D,D,D,D,D,D,D,D,D,D
W,W,W,W,W,W,W,W,W,W,W,W
F,F,F,F,F,F,F,F,F,F,F,F
S,S,S,S,S,S,S,S,S,S,S,S
S,S,S,S,S,S,S,S,S,S,S,S
L,L,L,L,L,L,L,L,L,L,L,L
M,V,M,M,V,M,M,V,M,L,L,V
S,S,S,S,S,S,S,S,S,S,S,S
G,G,G,G,G,G,G,G,G,G,G,G
V,I,I,V,I,V,V,I,V,V,V,I
G,G,G,G,G,G,G,G,G,G,G,G
S,S,S,S,S,G,N,S,S,S,S,S
A,A,A,A,A,A,A,A,A,A,A,A
I,I,I,L,I,I,L,I,I,L,L,I
P,P,P,P,P,P,P,P,P,P,P,P
G,G,G,G,G,G,G,G,G,G,G,G
A,A,A,A,A,A,A,A,A,A,A,A
V,V,V,V,V,V,I,V,V,V,V,V
M,V,V,V,V,M,V,V,V,V,V,V
G,G,G,G,G,G,G,G,G,G,G,G
L,L,L,L,L,L,L,L,L,L,L,L
L,L,L,L,L,L,L,L,L,L,L,L
A,A,A,A,A,A,A,A,A,A,A,A
D,D,D,D,D,D,D,D,D,D,D,D
K,K,K,K,K,K,K,K,K,K,K,K
K,K,K,K,K,K,K,K,K,K,K,K
T,T,T,T,T,T,T,T,T,T,T,T
E,E,E,E,E,E,E,E,E,E,E,E
E,E,E,E,E,E,E,E,E,E,E,E
T,T,T,T,T,T,T,T,T,T,T,T
T,T,T,T,T,T,T,T,T,T,T,T
K,K,K,K,K,K,K,K,K,N,N,K
L,L,L,L,L,L,L,L,L,L,L,L
E,E,E,E,E,E,E,E,E,E,E,E
D,D,D,D,D,D,D,D,D,D,D,D
R,R,R,R,R,R,R,R,R,R,R,R
I,I,I,I,I,I,I,I,I,I,I,I
M,M,M,M,M,M,L,M,M,V,V,M
T,T,T,S,T,T,S,T,S,S,S,T
T,T,T,T,T,T,V,T,T,T,T,T
R,R,R,R,R,R,R,R,R,R,R,R
H,H,H,H,H,H,H,H,H,H,H,H
R,H,H,R,H,H,G,H,R,G,G,H
T,T,T,T,T,T,T,T,T,T,T,T
D,D,D,D,D,D,D,D,D,D,D,D
I,I,I,I,I,I,I,I,I,I,I,I
T,T,T,T,T,T,T,T,T,T,T,T
T,T,T,T,T,T,T,T,T,T,T,T
T,T,T,T,T,T,T,T,T,T,T,T
Q,Q,Q,Q,Q,Q,Q,Q,Q,Q,Q,Q
S,S,S,S,S,S,S,S,S,S,S,S
T,T,T,S,T,T,S,T,S,S,S,T
V,V,V,V,V,V,V,V,V,V,V,V
G,G,G,G,G,G,G,G,G,G,G,G
V,I,L,V,V,V,V,V,I,V,V,I
V,T,T,V,T,T,T,T,V,T,T,T
Q,H,Q,N,Q,Q,Y,Q,S,Y,Y,H
G,G,G,G,G,G,G,G,G,G,G,G
Y,Y,Y,Y,Y,Y,Y,Y,Y,Y,Y,Y
A,A,A,A,A,A,A,A,A,A,A,A
L,H,H,L,H,H,L,H,L,I,I,H
F,S,S,G,S,S,N,S,D,R,R,S
E,E,E,E,E,E,E,E,E,E,E,E
R,L,H,A,H,H,N,H,K,K,K,L
D,D,D,D,D,D,D,D,D,D,D,D
H,Q,Q,Q,Q,Q,D,Q,Q,D,D,Q
I,V,V,I,I,V,V,I,I,I,I,V
P,N,N,V,N,N,V,N,V,V,V,N
A,A,A,A,A,A,A,A,A,A,A,A
A,A,A,A,A,A,A,A,A,A,A,A
S,S,S,S,S,S,S,S,S,S,S,S
G,G,G,G,G,G,G,G,G,G,G,G
T,T,T,T,T,T,T,T,T,T,T,T
H,H,H,H,H,H,H,H,H,H,H,H
E,E,E,E,E,E,T,E,E,T,T,E
H,H,H,H,H,H,N,H,H,K,K,H
V,V,V,V,V,V,V,V,V,A,A,V
G,D,D,S,G,D,S,G,S,G,G,D
H,H,H,H,H,H,H,H,H,H,H,H
V,V,V,V,V,V,V,V,V,V,V,V
S,S,S,S,S,S,T,S,S,T,T,S
R,R,R,R,R,R,R,R,R,R,R,R
I,I,I,I,I,I,I,I,I,I,I,I
Y,Y,Y,Y,Y,Y,Y,Y,Y,Y,Y,Y
M,M,M,M,M,M,S,M,M,S,S,M
K,K,K,K,K,K,K,K,K,K,K,K
K,K,K,K,K,K,H,K,K,T,T,K
L,L,L,L,L,L,M,L,L,L,L,L
F,F,F,F,F,F,A,F,F,G,G,F
T,T,T,T,T,T,T,T,K,Q,Q,T
W,W,W,W,W,W,W,W,W,W,W,W
T,S,S,S,S,S,S,S,S,S,S,S
L,M,T,T,T,L,M,T,T,L,L,M
T,S,S,N,S,D,T,S,A,T,T,S
N,D,D,I,D,N,D,D,E,D,D,D
G,A,A,S,A,A,R,A,Q,N,N,A
A,T,T,A,T,T,V,T,V,V,V,T
G,G,G,G,G,G,G,G,A,G,G,G
Y,Y,Y,T,Q,Y,T,Q,T,H,H,Y
Y,Y,Y,Y,Y,Y,K,Y,Y,R,R,Y
H,H,H,Y,H,H,W,H,Y,W,W,H
A,A,A,S,A,A,H,A,S,T,T,A
Y,Y,Y,Y,Y,Y,L,Y,Y,M,M,Y
P,P,P,P,P,P,E,P,T,N,N,P
L,L,L,L,L,L,L,L,L,L,L,L
P,P,P,P,P,P,P,P,P,P,P,P
D,D,T,E,S,D,K,S,D,S,S,D
T,L,E,T,E,V,G,E,Q,D,D,L
I,I,I,I,I,I,I,I,I,I,I,I
F,L,L,L,L,L,L,L,L,L,L,L
S,T,T,S,T,T,D,T,P,A,A,T
E,E,E,E,E,E,V,E,E,E,E,E
A,A,A,A,A,A,A,A,A,A,A,A
R,R,R,K,R,R,K,R,K,R,R,R
E,E,E,D,E,E,D,E,D,D,D,E
Y,Y,Y,Y,Y,Y,Y,Y,Y,Y,Y,Y
H,H,H,R,H,H,S,H,K,A,A,H
N,N,N,N,N,N,D,N,N,D,D,N
L,L,L,L,L,L,L,L,L,L,L,L
L,L,L,L,L,L,L,L,L,L,L,L
K,K,K,K,K,K,K,K,S,K,K,K
S,S,S,A,S,S,N,S,S,N,N,S
Y,Y,Y,Y,Y,Y,Y,Y,Y,Y,Y,Y
A,A,A,A,A,A,A,A,A,A,A,A
L,L,L,L,L,L,L,L,L,L,L,L
Y,Y,Y,Y,Y,Y,Y,Y,Y,Y,Y,Y
R,R,R,R,R,R,R,R,R,R,R,R
N,N,N,N,N,N,N,N,N,N,N,N
G,G,G,G,G,G,G,G,G,G,G,G
W,W,W,W,W,W,W,W,W,W,W,W
E,E,E,E,E,E,E,E,E,E,E,E
V,V,V,V,V,V,V,V,V,V,V,V
H,H,H,H,H,H,H,H,H,H,H,H
V,V,V,V,V,V,V,V,V,V,V,V
S,S,S,S,S,S,S,S,S,S,S,S
V,V,V,V,V,V,V,V,V,V,V,V
V,V,V,V,V,V,T,V,V,T,T,V
S,S,S,S,S,S,A,S,S,A,A,S
T,T,T,T,T,T,T,T,T,T,T,T
M,M,M,M,M,I,M,M,I,I,I,M
Y,Y,Y,Y,Y,Y,Y,Y,Y,Y,Y,Y
H,H,H,H,H,H,N,H,H,N,N,H
S,S,S,S,S,S,S,S,S,S,S,S
G,G,G,G,G,G,G,G,G,G,G,G
C,C,C,C,C,C,C,C,C,C,C,C
L,L,L,L,L,L,L,L,L,L,L,L
I,I,I,V,I,V,I,I,V,V,V,I
V,V,V,V,V,V,V,V,V,V,V,V
A,A,A,A,A,A,V,A,A,A,A,A
M,M,M,M,M,L,M,M,L,M,M,M
V,V,V,V,V,V,V,V,V,V,V,V
P,P,P,P,P,P,P,P,P,P,P,P
E,E,E,E,E,E,E,E,E,E,E,E
W,F,F,F,Y,F,S,Y,F,Y,Y,F
V,V,V,S,V,V,-,M,T,-,-,V
K,K,K,E,K,K,-,K,P,-,-,K
E,E,E,T,S,E,-,S,G,-,-,E
E,N,S,T,Y,S,D,Y,T,N,N,N
T,T,T,Q,T,T,I,T,T,F,F,T
S,N,N,N,S,N,S,S,S,S,S,N
G,G,G,G,A,G,G,A,G,P,P,G
A,S,N,Q,K,N,S,K,R,N,N,S
T,T,T,T,T,T,A,T,T,G,G,T
F,Y,Y,F,F,Y,Y,F,Y,F,F,Y
D,N,N,D,D,N,D,D,D,N,N,N
P,P,P,P,P,P,S,P,P,A,A,P
H,T,T,H,T,T,E,T,N,E,E,T
F,F,F,F,F,F,F,F,F,F,F,F
A,A,A,A,A,A,A,A,A,A,A,A
Q,Q,Q,Q,Q,Q,Q,Q,Q,Q,Q,Q
L,L,L,L,L,L,L,L,L,I,I,L
T,T,T,T,T,T,P,T,T,T,T,T
L,L,L,L,L,L,L,L,L,L,L,L
Y,Y,Y,Y,Y,Y,Y,Y,Y,Y,Y,Y
P,P,P,P,P,P,P,P,P,P,P,P
H,H,H,H,H,H,H,H,H,H,H,H
Q,Q,Q,Q,Q,Q,Q,Q,Q,Q,Q,Q
L,L,F,F,F,F,F,F,F,L,L,L
I,I,I,I,I,I,I,I,I,L,L,I
N,N,N,N,N,N,N,N,N,N,N,N
L,L,L,L,L,L,L,L,L,L,L,L
R,R,R,R,R,R,R,R,R,R,R,R
T,T,T,T,T,T,T,T,T,T,T,T
N,N,N,N,N,N,N,N,N,N,N,N
T,T,T,T,T,T,A,T,T,A,A,T
T,T,T,T,T,T,T,T,T,T,T,T
A,A,A,A,A,A,A,A,A,A,A,A
S,S,S,S,S,S,S,S,S,S,S,S
L,I,I,I,I,I,I,I,I,I,I,I
R,R,R,R,R,R,R,R,R,R,R,R
V,V,V,V,V,V,V,V,V,V,V,V
P,P,P,P,P,P,P,P,P,P,P,P
Y,Y,Y,Y,Y,Y,Y,Y,Y,Y,Y,Y
V,V,V,V,V,V,V,V,V,V,V,V
G,G,G,G,G,G,G,G,G,G,G,G
A,A,A,A,A,A,A,A,A,A,A,A
T,T,T,T,T,T,T,T,T,T,T,T
D,D,D,D,D,D,D,D,D,D,D,D
M,M,M,M,M,M,M,M,M,M,M,M
D,D,D,D,D,D,D,D,D,D,D,D
D,D,D,D,D,D,D,D,D,D,D,D
Y,H,H,H,H,Y,H,H,Y,H,H,H
R,R,R,R,R,R,R,R,R,R,R,R
L,L,L,L,L,L,L,L,L,L,L,L
H,H,H,H,H,H,H,H,H,H,H,H
K,S,S,Q,S,S,T,S,S,K,K,S
A,V,A,A,V,A,T,A,A,P,P,V
W,W,W,W,W,W,W,W,W,W,W,W
T,S,S,T,T,S,T,T,T,T,T,S
L,L,L,L,L,L,L,L,L,L,L,L
V,V,V,L,V,V,V,V,I,V,V,V
V,V,V,V,V,V,V,V,V,V,V,V
G,G,G,G,G,G,G,G,G,G,G,G
V,V,V,I,V,V,V,V,I,V,V,V
V,V,V,V,V,V,V,V,V,V,V,V
V,V,V,V,V,V,V,V,V,A,A,V
P,P,P,P,P,P,P,P,P,P,P,P
L,M,I,M,V,L,L,V,L,L,L,M
K,T,K,Q,T,K,Q,T,K,Q,Q,T
I,I,I,I,I,I,-,I,I,-,-,I
S,S,S,H,S,S,-,S,H,-,-,S
N,N,N,N,N,N,D,N,N,D,D,N
G,G,S,G,S,G,G,S,G,G,G,G
G,G,G,N,G,G,G,G,N,G,G,G
S,S,S,S,S,S,S,S,S,S,S,S
D,D,N,D,T,D,D,T,D,D,D,D
L,L,L,L,L,L,L,L,L,L,L,L
T,T,S,T,T,T,T,T,T,T,T,T
N,S,N,A,S,S,S,S,A,V,V,S
L,L,L,I,L,L,V,L,I,V,V,L
D,D,D,E,D,D,D,D,D,D,D,D
I,V,V,V,V,V,V,V,V,I,I,V
R,R,R,R,R,R,R,R,R,R,R,R
A,A,A,A,A,A,V,A,A,V,V,A
S,S,S,S,S,S,S,S,S,S,S,S
F,F,F,I,F,F,V,F,I,V,V,F
T,T,T,T,T,T,T,T,T,T,T,T
P,P,P,P,P,P,P,P,P,P,P,P
L,L,L,T,L,L,L,L,T,L,L,L
N,N,N,N,N,N,N,N,N,S,S,N
V,V,V,V,V,V,V,V,V,V,V,V
K,K,K,K,K,K,K,K,K,H,H,K
V,V,V,V,V,V,V,V,V,V,V,V
A,A,A,A,A,A,A,A,A,A,A,A
G,G,G,G,G,G,G,G,G,G,G,G
P,P,P,P,P,P,P,P,P,P,P,P
M,M,M,M,M,M,M,M,L,M,M,M
P,P,P,P,P,P,P,P,P,P,P,P
H,N,N,N,N,N,A,N,N,N,N,N
K,K,K,K,K,K,K,K,K,K,K,K
A,Q,Q,E,Q,Q,Q,Q,Q,Q,Q,Q
G,G,G,G,G,G,G,G,G,G,G,G
I,I,I,I,I,I,I,I,I,I,I,I
I,V,I,V,I,I,V,I,I,L,L,V
P,P,P,P,P,P,P,P,P,P,P,P
V,V,V,V,V,V,V,V,V,V,V,V
A,A,A,A,A,A,A,A,A,A,A,A
A,A,A,V,A,A,T,A,V,T,T,A
K,K,K,K,K,K,K,K,K,K,K,K
A,A,A,S,A,A,A,A,S,A,A,A
G,G,G,G,G,G,G,G,G,G,G,G
Y,Y,Y,Y,Y,Y,F,Y,Y,Y,Y,Y
S,S,S,S,S,S,S,S,S,S,S,S
G,G,G,G,G,G,G,G,G,G,G,G
F,F,F,F,F,F,F,F,F,F,F,F
C,C,C,S,C,C,S,C,S,T,T,C
T,T,T,T,T,T,T,T,T,T,T,T
T,T,T,T,T,T,T,T,T,T,T,T
S,S,S,S,S,S,S,S,S,G,G,S
P,P,P,P,P,P,P,P,P,P,P,P
I,I,I,I,I,I,V,I,I,L,L,I
T,T,T,T,T,T,S,T,T,T,T,T
A,A,A,A,A,A,A,A,A,A,A,A
D,D,D,D,D,D,D,D,D,D,D,D
P,P,P,P,P,P,P,P,P,P,P,P
V,V,V,V,V,V,V,V,I,V,V,V
Y,Y,Y,Y,Y,Y,Y,Y,Y,Y,Y,Y
G,G,G,G,G,G,G,G,G,G,G,G
K,K,K,Q,K,K,N,K,Q,N,N,K
V,V,V,V,V,V,V,V,V,V,V,V
V,V,I,V,I,V,V,I,V,V,V,V
N,N,N,N,N,N,N,N,N,N,N,N
P,P,P,P,P,P,P,P,P,P,P,P
P,P,P,P,P,P,P,P,P,P,P,P
R,R,R,R,R,R,R,R,R,R,R,R
R,R,R,R,R,R,R,R,K,R,R,R
H,H,H,Y,H,H,Y,H,Y,H,H,H
I,I,I,I,I,I,L,I,I,I,I,I
P,P,P,P,P,P,P,P,P,P,P,P
G,G,G,G,G,G,G,G,G,G,G,G
R,R,R,R,R,R,R,R,R,R,R,R
F,F,F,F,F,F,F,F,F,F,F,F
T,T,T,T,T,T,T,T,T,T,T,T
N,N,N,N,N,N,N,N,N,N,N,N
F,F,F,F,F,F,F,F,F,F,F,F
L,L,L,L,L,L,L,L,L,L,L,L
D,D,D,D,D,D,D,D,D,H,H,D
V,V,V,V,V,V,V,V,V,V,V,V
A,A,A,C,A,A,A,A,A,A,A,A
D,D,D,D,D,D,D,D,D,D,D,D
A,A,A,A,A,A,A,A,K,A,A,A
C,C,C,C,C,C,C,C,C,C,C,C
P,P,P,P,P,P,P,P,P,P,P,P
T,T,T,T,T,T,T,T,T,T,T,T
M,M,M,M,M,M,M,M,M,M,M,M
S,A,A,A,A,A,A,A,A,A,A,A
R,R,R,R,R,R,R,?,R,R,R,R
F,F,F,F,F,F,F,?,F,F,F,F
V,T,T,T,T,T,E,T,V,Q,Q,T
N,S,S,N,S,S,A,S,S,N,N,S
K,K,K,K,K,K,K,K,K,K,K,K
P,P,P,P,P,P,P,P,P,P,P,P
S,S,S,S,S,S,T,S,S,T,T,S
V,I,I,V,I,I,L,I,V,L,L,I
T,T,T,S,T,T,V,T,T,T,T,T
T,T,T,T,T,T,T,T,T,T,T,T
T,V,T,R,V,V,K,V,Q,S,S,V
P,S,S,S,F,S,?,F,Q,?,?,S
G,G,G,S,G,G,?,G,G,?,?,G
A,A,A,A,A,A,A,A,A,D,D,A
A,S,S,S,S,S,S,S,S,P,P,S
E,E,E,E,E,E,G,E,E,H,H,E
K,R,T,V,T,V,E,T,V,K,K,R
L,L,L,L,L,L,L,L,L,L,L,L
I,L,L,L,L,L,L,L,L,L,L,L
A,A,T,A,A,S,A,A,S,A,A,A
T,T,T,T,T,T,T,T,T,T,T,T
I,I,I,I,I,I,I,I,I,I,I,I
D,D,D,D,D,D,D,D,D,D,D,D
V,V,V,V,V,V,V,V,V,V,V,V
S,S,S,S,S,S,S,S,S,S,S,S
L,L,L,L,L,L,L,L,L,L,L,L
V,V,V,V,V,V,V,V,V,M,M,V
S,S,S,S,S,S,S,S,S,S,S,S
H,H,H,H,H,H,H,H,H,H,H,H
E,E,E,E,E,E,E,E,E,E,E,E
M,M,L,L,M,L,L,M,L,M,M,M
S,S,S,S,S,S,S,S,S,S,S,S
F,F,Y,Y,F,Y,Y,F,Y,Y,Y,F
T,T,T,T,T,T,T,T,T,T,T,T
Y,Y,Y,Y,Y,Y,Y,Y,Y,Y,Y,Y
L,L,L,L,L,L,L,L,L,L,L,L
A,A,A,A,A,A,A,A,A,A,A,A
G,G,G,G,G,G,G,G,G,G,G,G
L,L,L,L,L,L,L,L,L,L,L,L
S,S,A,A,S,A,S,S,A,S,S,S
S,S,S,S,S,S,A,S,S,A,A,S
L,L,L,L,L,L,L,L,L,L,L,L
Y,Y,Y,Y,Y,Y,Y,Y,Y,Y,Y,Y
A,A,A,A,A,A,A,A,A,A,A,A
Q,Q,Q,Q,Q,Q,Q,Q,Q,Q,Q,Q
Y,Y,Y,Y,Y,Y,Y,Y,Y,Y,Y,Y
R,R,R,R,R,R,R,R,R,R,R,R
G,G,G,G,G,G,G,G,G,G,G,G
S,S,S,S,S,S,S,S,S,T,T,S
I,I,I,I,I,I,I,I,I,I,I,I
N,N,N,N,N,N,N,N,N,N,N,N
M,M,M,M,M,M,V,M,M,V,V,M
H,H,H,H,H,H,H,H,H,H,H,H
C,C,C,C,C,C,F,C,C,F,F,C
I,I,I,I,I,I,M,I,I,V,V,I
Y,Y,Y,Y,Y,Y,Y,Y,Y,Y,Y,Y
T,T,T,T,T,T,T,T,T,T,T,T
G,G,G,G,G,G,G,G,G,G,G,G
F,F,F,F,F,F,P,F,F,P,P,F
V,V,A,V,V,A,V,V,A,V,V,V
S,S,S,S,S,S,S,S,S,S,S,S
D,D,D,D,D,D,D,D,D,D,D,D
K,K,K,K,K,K,K,K,K,K,K,K
A,A,A,A,A,A,A,A,A,A,A,A
K,K,K,K,K,K,K,K,K,K,K,K
F,F,F,F,F,F,F,F,F,F,F,F
L,L,L,L,L,L,L,L,L,L,L,L
I,L,L,L,L,L,V,L,L,V,V,L
A,V,A,V,V,A,A,V,A,V,V,V
F,F,Y,Y,F,Y,F,F,Y,Y,Y,F
I,V,V,V,V,V,I,V,V,I,I,V
P,P,P,P,P,P,P,P,P,P,P,P
P,P,P,P,P,P,P,P,P,P,P,P
G,G,G,G,G,G,G,G,G,G,G,G
A,A,A,A,A,A,A,A,A,A,A,A
D,D,E,D,D,E,E,D,E,T,T,D
P,P,Q,K,L,Q,L,L,Q,V,V,P
P,P,P,P,P,P,P,P,P,P,P,P
D,T,R,T,T,R,K,T,R,D,D,T
T,T,T,T,T,T,T,T,T,N,N,T
L,L,L,L,L,L,L,L,L,L,L,L
S,S,S,S,S,S,D,S,S,S,S,S
E,E,E,E,E,E,Q,E,E,Q,Q,E
A,A,A,A,A,A,A,A,A,A,A,A
Q,Q,Q,Q,Q,Q,Q,Q,Q,Q,Q,Q
H,H,H,H,H,H,Q,H,H,H,H,H
C,C,C,C,C,C,C,C,C,C,C,C
I,I,I,I,I,I,I,I,I,V,V,I
T,T,T,T,T,T,T,T,T,T,T,T
M,L,L,Y,L,L,L,L,L,L,L,L
E,E,E,E,E,E,E,E,E,E,E,E
W,W,W,W,W,W,W,W,W,W,W,W
D,D,D,D,D,D,D,D,D,D,D,D
T,T,T,T,T,T,S,T,T,S,S,T
G,G,G,G,G,G,G,G,G,G,G,G
L,L,L,L,L,L,L,L,L,L,L,L
N,N,N,N,N,N,N,N,N,N,N,N
S,S,S,S,S,S,S,S,S,S,S,S
E,E,E,E,E,E,E,E,E,E,E,E
T,T,T,A,T,T,A,T,T,A,A,T
V,V,V,V,V,V,V,V,V,V,V,V
F,F,F,F,F,F,F,F,F,F,F,F
N,N,N,N,N,N,T,N,N,S,S,N
I,I,I,I,I,I,I,I,I,V,V,I
P,P,P,P,P,P,P,P,P,P,P,P
Y,Y,Y,Y,Y,Y,Y,Y,Y,Y,Y,Y
I,I,I,I,I,I,I,I,L,V,V,I
S,S,S,S,S,S,S,S,S,S,S,S
Q,Q,Q,Q,Q,Q,Q,Q,Q,Q,Q,Q
T,T,T,T,T,T,T,T,T,T,T,T
Y,Y,Y,Y,Y,Y,Y,Y,Y,Y,Y,Y
Y,Y,Y,Y,Y,Y,Y,Y,Y,Y,Y,Y
T,T,T,T,T,T,T,T,T,T,T,T
S,S,S,S,S,S,S,S,S,S,S,S
T,T,T,T,T,T,T,T,T,T,T,T
Y,H,H,H,H,H,Y,H,H,Y,Y,H
S,S,S,S,S,S,S,S,S,S,S,S
S,S,S,S,S,S,G,S,S,G,G,S
G,T,T,E,T,T,E,T,E,E,E,T
A,A,A,A,A,A,S,A,A,A,A,A
D,D,D,D,D,D,D,D,D,D,D,D
I,I,I,I,I,I,I,I,I,I,I,I
G,G,G,G,G,G,G,G,G,G,G,G
N,N,N,N,N,N,N,N,N,N,N,N
V,V,V,V,V,V,V,V,V,V,V,V
S,S,S,A,S,S,S,S,A,S,S,S
G,G,G,G,G,G,G,G,G,G,G,G
R,R,R,R,R,R,W,R,R,W,W,R
V,V,V,V,V,V,I,V,V,L,L,V
Q,Q,Q,Q,Q,Q,Q,Q,Q,Q,Q,Q
I,I,I,I,I,I,I,I,I,I,I,I
Y,Y,Y,Y,Y,Y,Y,Y,F,Y,Y,Y
Q,Q,Q,Q,Q,Q,Q,Q,Q,Q,Q,Q
V,V,V,V,V,V,V,V,V,V,V,V
T,T,T,T,T,T,T,T,T,T,T,T
A,A,A,H,A,A,K,A,E,R,R,A
P,P,P,V,P,P,A,P,T,A,A,P
S,S,S,S,S,S,K,S,S,K,K,S
S,S,S,T,S,S,A,S,T,T,T,S
T,T,T,T,T,T,N,T,P,G,G,T
S,S,S,S,S,S,N,S,A,N,N,S
E,E,E,E,E,E,H,E,E,Q,Q,E
L,L,L,L,L,L,L,L,L,L,L,L
L,L,L,L,L,L,L,L,L,L,L,L
V,V,V,I,V,V,V,V,V,V,V,V
L,L,L,L,L,L,M,L,L,M,M,L
F,F,F,F,F,F,F,F,F,F,F,F
S,S,S,S,S,S,S,S,S,S,S,S
S,S,S,S,S,S,S,S,S,S,S,S
G,G,G,G,G,G,G,G,G,G,G,G
S,R,R,S,R,R,T,R,S,T,T,R
D,D,D,D,D,D,D,D,D,D,D,D
F,F,F,F,F,F,F,F,F,F,F,F
Q,Q,Q,Q,Q,Q,Q,Q,Q,Q,Q,Q
L,L,L,L,L,L,L,L,L,L,L,L
R,R,R,R,R,R,R,R,R,R,R,R
C,C,C,C,C,C,C,C,C,C,C,C
P,P,P,P,P,P,P,P,P,P,P,P
V,V,V,V,V,V,I,V,I,I,I,V
E,E,E,E,E,E,E,E,E,E,E,E
P,P,P,P,P,P,P,P,P,P,P,P
V,V,V,V,V,V,V,V,V,V,V,V
K,K,K,K,K,K,R,K,K,R,R,K
Q,Q,Q,Q,Q,Q,Q,Q,Q,Q,Q,Q
V,V,V,V,V,V,V,V,V,V,V,V
T,T,T,T,T,T,T,T,T,T,T,T
D,D,D,D,D,D,D,D,D,D,D,D
V,V,V,V,V,V,V,V,V,V,V,V
G,G,G,G,G,G,G,G,G,G,G,G
E,E,E,E,E,E,E,E,E,E,E,E
T,T,T,S,T,T,S,T,T,S,S,T
G,G,G,G,G,G,G,G,G,G,G,G
H,R,K,K,A,K,K,A,K,H,H,R
Y,Y,Y,Y,Y,Y,Y,Y,Y,Y,Y,Y
K,K,K,V,K,K,L,K,I,K,K,K
T,I,V,T,I,I,T,I,T,T,T,I
L,L,L,L,L,L,I,L,L,L,L,L
D,D,D,D,D,D,D,D,D,D,D,D
A,A,A,A,A,A,A,A,A,A,A,A
S,T,T,T,T,T,R,T,T,R,R,T
Q,Q,Q,Q,Q,Q,Q,Q,Q,Q,Q,Q
Q,Q,Q,Q,Q,Q,Q,Q,Q,Q,Q,Q
N,N,N,H,N,N,Q,N,N,Q,Q,N
G,G,G,G,G,G,G,G,G,G,G,G
D,H,H,D,H,H,N,H,F,D,D,H
R,S,S,R,S,S,R,S,K,K,K,S
A,A,T,R,T,T,H,T,A,Q,Q,A
N,N,N,P,N,S,P,N,N,P,P,N
T,T,T,A,T,T,T,T,T,T,T,T
F,F,F,F,F,F,F,F,F,F,F,F
R,R,R,R,R,R,R,R,R,R,R,R
L,L,L,L,L,L,L,L,L,L,L,L
H,H,H,H,H,H,H,H,H,H,H,H
T,T,T,T,T,T,T,T,T,T,T,T
E,D,D,D,D,D,D,D,D,D,D,D
V,V,V,V,V,V,V,V,V,V,V,V
S,S,S,S,S,S,A,S,A,A,A,S
F,F,F,F,F,F,F,F,F,F,F,F
A,A,A,A,A,A,A,A,A,A,A,A
L,L,L,L,L,L,L,L,L,L,L,L
D,D,D,D,D,D,D,D,D,D,D,D
R,R,R,R,R,R,R,R,R,R,R,R
Y,Y,Y,Y,Y,Y,Y,Y,Y,F,F,Y
A,A,A,T,A,A,T,A,T,T,T,A
L,L,M,Q,L,L,Q,L,Q,Q,Q,L
L,L,L,L,L,L,I,L,L,L,L,L
G,S,E,M,A,S,K,A,A,K,K,S
V,V,V,N,V,V,N,V,T,T,T,V
V,V,V,T,V,V,I,V,I,T,T,V
S,S,S,G,T,S,G,T,K,S,S,S
G,G,G,G,G,G,A,G,G,G,G,G
N,N,N,N,N,N,N,N,N,N,N,N
A,A,A,R,A,A,R,A,S,K,K,A
S,S,T,T,A,S,V,A,A,E,E,S
N,N,N,N,N,N,D,N,D,D,D,N
A,T,A,T,T,T,S,T,A,T,T,T
H,H,H,D,H,H,D,H,H,H,H,H
K,Q,T,K,K,Q,R,K,N,N,N,Q
Q,R,H,K,N,R,N,N,T,N,N,R
Y,Y,Y,S,Y,Y,F,Y,T,F,F,Y
T,T,T,I,T,T,T,T,T,T,T,T
N,N,N,N,N,N,N,N,N,N,N,N
L,L,L,L,L,L,L,L,L,L,L,L
D,D,D,N,D,D,D,D,D,D,D,D
P,P,P,P,P,P,L,P,P,L,L,P
T,T,T,T,T,T,M,T,T,M,M,T
Q,K,K,Q,K,K,D,K,K,T,T,K
L,L,L,L,L,L,L,L,L,L,L,L
P,P,P,P,P,P,P,P,P,P,P,P
V,A,A,P,A,A,A,A,P,N,N,A
D,D,H,D,N,D,G,N,N,G,G,D
T,T,T,T,T,T,T,T,T,T,T,T
Y,F,F,F,F,F,F,F,F,F,F,F
I,M,M,I,M,M,V,M,V,V,V,M
K,K,R,K,K,K,K,R,K,K,K,K
K,K,K,K,K,K,T,K,K,T,T,K
L,L,L,L,L,L,L,L,L,L,L,L
I,I,I,V,I,I,L,I,V,L,L,I
D,D,D,D,D,D,A,D,D,S,S,D
S,S,S,S,S,S,S,S,S,S,S,S
C,C,C,C,C,C,C,C,C,C,C,C
T,T,T,T,T,T,T,T,T,T,T,T
Y,Y,Y,Y,Y,Y,Y,Y,Y,Y,Y,Y
Y,Y,Y,Y,Y,Y,Y,Y,Y,F,F,Y
F,F,F,F,F,F,F,F,F,F,F,F
S,S,S,S,S,S,S,S,S,S,S,S
D,D,D,D,D,D,D,D,D,D,D,D
L,L,L,L,L,L,L,L,L,L,L,L
E,E,E,E,E,E,E,E,E,E,E,E
V,V,V,V,V,V,I,V,V,I,I,V
T,T,T,T,T,T,A,T,T,S,S,T
I,V,I,V,I,V,V,I,V,V,V,V
N,I,N,N,N,N,N,N,N,N,N,I
A,A,A,A,A,A,S,A,A,A,A,A
K,K,K,K,K,K,R,K,K,R,R,K
G,G,G,G,G,G,D,G,G,G,G,G
E,E,E,D,E,E,T,E,T,Q,Q,E
V,V,V,V,V,V,V,V,V,V,V,V
P,P,P,P,P,P,P,P,P,P,P,P
A,A,A,P,A,A,A,A,A,P,P,A
W,W,W,W,W,W,Y,W,W,W,W,W
A,A,A,A,A,A,A,A,A,A,A,A
N,N,N,N,N,N,H,N,N,H,H,N
V,V,V,V,V,V,V,V,V,V,V,V
T,I,T,T,T,T,T,T,T,T,T,I
W,W,W,W,W,W,W,W,W,W,W,W
H,H,H,H,H,H,Y,H,Y,Y,Y,H
P,P,P,P,P,P,P,P,P,P,P,P
V,V,V,V,V,V,V,V,V,V,V,V
G,G,G,A,G,G,A,G,S,S,S,G
A,A,A,S,A,A,S,A,A,A,A,A
P,P,P,P,P,P,P,P,P,P,P,P
H,H,H,R,H,H,K,H,R,R,R,H
T,T,T,T,T,T,S,T,T,S,S,T
F,F,F,F,F,F,F,F,F,F,F,F
T,T,T,T,T,T,D,T,T,T,T,T
N,N,N,N,N,N,Q,N,N,Q,Q,N
D,D,D,D,N,D,D,N,N,N,N,D
N,N,N,N,N,N,L,N,N,L,L,N
L,L,L,F,L,L,Y,L,Y,Y,Y,L
P,P,P,P,P,P,S,P,P,D,D,P
D,D,D,D,D,D,D,D,D,D,D,D
E,D,D,E,D,D,I,D,E,D,D,D
V,V,V,E,N,V,D,N,E,D,D,V
N,N,N,N,N,N,K,N,N,N,N,N
D,V,D,D,D,D,D,D,D,D,D,V
Y,Y,Y,F,Y,Y,F,Y,F,F,F,Y
L,L,L,M,L,L,M,L,M,M,M,L
T,T,T,T,T,T,T,T,T,T,T,T
T,T,T,V,T,T,V,T,V,L,L,T
S,S,S,N,N,S,N,N,N,S,S,S
S,S,S,S,S,S,S,S,S,S,S,S
N,N,N,N,N,N,T,N,N,N,N,N
V,V,V,V,V,A,V,V,A,V,V,V
S,S,S,S,S,S,S,S,S,S,S,S
V,V,V,V,V,V,V,V,V,V,V,V
G,G,G,G,G,G,G,G,G,G,G,G
F,F,F,F,F,F,F,F,F,F,F,F
T,T,T,T,T,T,E,T,T,Q,Q,T
G,G,G,G,G,G,G,G,G,G,G,G
P,P,P,P,P,P,P,P,P,P,P,P
S,S,S,A,S,S,S,S,S,G,G,S
S,S,S,G,S,G,G,S,G,G,G,S
G,S,G,G,G,S,G,G,S,G,G,S
G,G,G,G,G,G,S,G,G,S,S,G
S,S,S,T,S,S,S,S,S,S,S,S
I,I,I,V,I,I,V,I,I,V,V,I
A,A,A,A,A,A,A,A,A,A,A,A
T,T,T,T,T,T,A,T,T,T,T,T
F,F,F,F,F,F,F,F,F,F,F,F
A,A,A,A,A,A,A,A,A,A,A,A
V,V,I,I,I,I,I,I,I,I,I,V
P,P,P,P,P,P,P,P,P,P,P,P
Y,Y,Y,Y,Y,Y,Y,Y,Y,Y,Y,Y
T,T,T,T,T,T,T,T,T,T,T,T
S,S,S,S,S,S,S,S,S,S,S,S
F,F,F,L,L,I,I,L,I,L,L,F
Y,Y,Y,Y,Y,Y,Y,Y,Y,Y,Y,Y
R,R,R,R,R,R,R,R,R,R,R,R
V,V,V,V,V,V,V,V,V,V,V,V
L,L,L,L,L,L,L,L,L,L,L,L
P,P,P,P,P,P,P,P,P,P,P,P
T,T,T,T,T,T,T,T,T,T,T,T
R,K,K,R,R,K,T,R,K,T,T,K
Y,Y,Y,Y,Y,Y,Y,Y,Y,Y,Y,Y
A,A,A,S,A,S,K,A,S,N,N,A
G,G,G,G,G,G,G,G,G,G,G,G
R,R,R,R,R,R,S,R,R,T,T,R
T,T,T,T,T,T,T,T,T,T,T,T
L,L,L,Q,L,L,F,L,Q,F,F,L
F,F,F,F,F,F,H,F,F,H,H,F
L,V,L,T,L,V,G,L,T,G,G,V
K,K,K,Q,K,K,A,K,P,G,G,K
Q,Q,Q,Q,Q,Q,A,Q,V,N,N,Q
E,E,D,D,D,E,G,D,D,A,A,E
R,Q,Q,G,E,Q,D,E,N,R,R,Q
F,F,H,F,F,F,R,F,F,T,T,F
E,E,E,K,E,E,R,E,K,K,K,E
P,P,P,A,P,P,K,P,A,Q,Q,P
F,F,F,L,F,F,F,F,L,F,F,F
N,N,N,S,N,N,N,N,S,N,N,N
H,H,H,Y,H,H,H,H,Y,H,H,H
G,G,G,V,G,G,A,G,T,T,T,G
G,G,G,G,G,G,G,G,G,G,G,G
F,F,F,F,F,F,F,F,F,F,F,F
G,G,G,G,G,G,G,G,G,G,G,G
E,E,E,E,E,E,E,E,E,E,E,E
I,I,V,I,V,I,I,V,I,I,I,I
T,I,I,T,V,I,F,V,T,F,F,I
I,T,I,V,I,I,I,I,V,V,V,T
T,T,T,A,T,T,T,T,A,T,T,T
G,G,G,G,G,G,G,G,G,G,G,G
K,R,K,L,K,K,L,K,L,L,L,R
E,E,E,E,D,E,E,D,E,D,D,E
A,A,A,Q,T,A,N,T,N,D,D,A
T,T,T,T,T,T,V,T,T,V,V,T
K,K,K,S,K,K,N,K,Y,K,K,K
H,H,H,H,H,H,H,H,H,H,H,H
R,R,R,R,R,R,R,R,R,R,R,R
I,V,I,V,I,I,I,I,I,V,V,V
L,L,L,L,L,L,L,L,L,L,L,L
I,I,I,I,I,I,V,I,I,V,V,I
R,R,R,R,R,R,R,R,R,R,R,R
I,M,M,M,M,M,M,M,M,I,I,M
K,K,K,K,K,K,K,K,K,K,K,K
R,R,R,R,R,R,R,R,R,R,R,R
A,A,T,T,A,T,A,A,T,A,A,A
E,E,E,E,E,E,E,E,E,E,E,E
M,M,M,M,M,M,F,M,M,L,L,M
Y,Y,Y,Y,Y,Y,Y,Y,Y,Y,Y,Y
C,C,C,C,C,C,C,C,C,C,C,C
P,P,P,P,P,P,P,P,P,P,P,P
R,R,R,R,R,R,R,R,R,R,R,R
A,A,P,A,A,P,R,A,P,F,F,A
L,L,L,L,L,L,I,L,L,I,I,L
Y,Y,Y,Y,Y,Y,H,Y,Y,Q,Q,Y
P,P,P,P,P,P,T,P,P,A,A,P
T,S,S,S,S,S,A,S,S,P,P,S
T,A,A,N,T,A,T,T,A,H,H,A
T,S,T,T,S,T,G,S,T,N,N,S
V,V,V,L,E,V,G,E,V,S,S,V
A,T,N,T,T,N,T,T,N,S,S,T
Q,Q,T,K,Q,T,T,Q,T,A,A,Q
L,L,V,I,P,V,L,P,V,L,L,L
S,S,S,T,S,S,S,S,S,S,S,S
T,T,T,E,T,T,S,T,T,S,S,T
R,R,R,R,R,R,R,R,R,R,R,R
R,R,R,R,R,R,K,R,R,Y,Y,R
K,K,K,K,K,K,K,K,K,K,K,K
L,L,L,L,F,F,I,F,L,T,T,L
R,R,R,V,R,R,T,R,P,T,T,R
L,L,L,L,L,L,L,L,L,L,L,L
T,T,T,V,T,T,V,T,V,A,A,T
G,G,G,S,G,G,S,G,S,G,G,G
E,E,E,E,E,E,S,E,E,A,A,E
-,-,-,S,-,-,-,-,N,-,-,-
-,-,-,V,-,-,-,-,T,-,-,-
-,-,-,N,-,-,-,-,P,-,-,-
I,I,I,P,I,I,I,I,L,I,I,I
V,V,V,S,V,V,R,V,K,V,V,V
K,K,K,K,K,K,K,K,K,K,K,K
Q,Q,Q,Q,Q,Q,E,Q,Q,Q,Q,Q
G,G,G,G,G,G,G,G,G,G,G,G
A,A,A,A,A,A,A,A,A,A,A,A
T,T,T,K,T,T,T,T,T,T,T,T
N,N,N,N,N,N,N,N,N,N,N,N
F,F,F,F,F,F,F,F,Y,F,F,F
E,E,G,D,E,E,E,E,S,S,S,E
L,L,L,L,L,L,L,L,L,L,L,L
L,L,L,L,L,L,L,L,L,L,L,L
Q,Q,K,K,Q,Q,K,Q,K,K,K,Q
Q,Q,Q,L,Q,Q,Q,Q,Q,Q,Q,Q
A,A,A,A,A,A,A,A,A,A,A,A
G,G,G,G,G,G,G,G,G,G,G,G
D,D,D,D,D,D,D,D,D,D,D,D
I,V,V,V,V,V,V,V,V,V,V,V
E,E,E,E,E,E,E,E,E,E,E,E
T,T,T,S,T,T,C,T,T,S,S,T
N,N,N,N,N,N,N,N,N,N,N,N
P,P,P,P,P,P,P,P,P,P,P,P
G,G,G,G,G,G,G,G,G,G,G,G
P,P,P,P,P,P,P,P,P,P,P,P
A,A,S,T,A,A,T,A,S,T,T,A
S,S,A,A,S,A,A,S,A,A,A,S
F,F,F,F,F,F,F,F,F,F,F,F
S,S,S,S,S,S,S,S,S,S,S,S
K,K,K,K,K,K,K,K,K,K,K,K
L,L,L,L,L,L,L,L,L,L,L,L
I,I,I,I,I,I,I,I,I,I,I,I
E,E,E,D,E,E,D,E,E,D,D,E
D,D,D,D,D,D,D,D,D,D,D,D
F,F,F,F,F,F,F,F,F,F,F,F
G,G,G,G,G,G,G,G,G,G,G,G
C,C,C,C,C,C,S,C,C,C,C,C
L,L,L,L,L,L,L,L,L,L,L,L
S,S,S,S,S,S,S,S,S,S,S,S
N,N,N,N,N,N,N,N,N,N,N,N
S,S,S,S,S,S,S,S,S,S,S,S
M,M,M,M,M,M,M,M,M,M,M,M
E,E,E,E,E,E,E,E,E,E,E,E
E,E,E,E,E,E,E,E,E,E,E,E
I,I,I,I,I,I,I,I,I,I,I,I
A,A,A,A,A,A,A,A,A,A,A,A
R,R,R,R,R,R,K,R,R,R,R,R
H,H,H,H,H,H,H,H,H,H,H,H
I,I,I,I,I,I,I,I,I,I,I,I
G,G,G,G,G,G,G,G,G,G,G,G
D,D,D,D,D,D,D,D,D,D,D,D
F,F,F,F,F,F,F,F,F,F,F,F
K,K,K,K,K,K,K,K,K,K,K,K
V,V,A,A,V,A,V,V,A,T,T,V
M,M,M,M,M,M,M,M,M,M,M,M
M,M,M,M,M,M,M,M,M,M,M,M
K,K,K,K,K,K,K,K,K,R,R,K
G,G,G,G,G,G,G,G,G,G,G,G
A,A,A,A,A,A,A,A,A,A,A,A
G,G,G,G,G,G,G,G,G,G,G,G
P,P,P,P,P,P,P,P,P,P,P,P
W,W,W,W,W,W,W,W,W,W,W,W
Y,Y,Y,Y,Y,Y,Y,Y,Y,Y,Y,Y
K,K,K,K,K,K,K,K,K,K,K,K
A,A,A,A,A,A,A,A,A,A,A,A
F,F,F,F,F,F,F,F,F,F,F,F
K,K,K,K,K,K,K,K,K,K,K,K
Y,Y,Y,Y,Y,Y,Y,Y,Y,Y,Y,Y
L,L,L,L,L,L,L,L,L,L,L,L
W,W,W,W,W,W,W,W,W,W,W,W
K,K,K,K,K,K,K,K,K,K,K,K
V,V,V,V,V,V,V,V,V,V,V,V
A,A,A,A,A,A,A,A,A,A,A,A
T,T,T,T,T,T,T,T,T,T,T,T
V,I,I,V,I,I,I,I,I,V,V,I
I,V,I,I,I,I,I,I,I,I,I,V
V,V,V,V,V,V,V,V,V,V,V,V
A,T,T,T,T,T,A,T,T,A,A,T
I,I,I,I,I,I,I,I,I,I,I,I
T,T,T,T,T,T,T,T,T,T,T,T
R,R,R,R,R,R,R,R,R,R,R,R
T,T,T,T,T,T,T,T,T,T,T,T
K,K,K,K,K,R,K,K,K,R,R,K
D,D,D,D,D,D,D,D,D,D,D,D
T,T,T,A,T,T,T,T,T,T,T,T
V,V,V,V,V,V,L,V,V,V,V,V
L,L,L,L,L,L,L,L,L,L,L,L
V,V,V,V,V,V,V,V,V,V,V,V
G,G,G,G,G,G,G,G,G,G,G,G
M,M,M,M,M,M,M,M,M,M,M,M
L,L,L,L,L,L,L,L,L,L,L,L
L,L,L,L,L,L,L,L,L,L,L,L
A,A,A,A,A,A,A,A,A,A,A,A
D,D,D,D,D,D,D,D,D,D,D,D
I,I,I,I,I,I,I,I,I,I,I,I
G,G,G,G,G,G,G,G,G,G,G,G
L,L,L,L,L,L,L,L,L,L,L,L
E,E,E,E,E,E,E,E,E,E,E,E
V,V,I,V,V,I,A,V,I,V,V,V
F,F,F,F,F,F,F,F,F,F,F,F
D,D,D,D,D,D,D,D,D,D,D,D
T,T,T,T,T,T,T,T,T,T,T,T
R,R,R,R,R,R,R,R,R,R,R,R
V,V,V,V,V,V,I,V,V,I,I,V
M,M,M,M,M,M,M,M,M,M,M,M
M,M,M,M,M,M,M,M,M,M,M,M
D,D,D,D,D,D,D,D,D,D,D,D
N,N,S,S,S,S,N,S,S,S,S,N
L,L,L,L,L,L,L,L,L,L,L,L
V,V,V,V,V,V,V,V,V,V,V,V
D,D,D,D,D,D,D,D,D,D,D,D
R,R,R,R,R,R,R,R,R,R,R,R
F,F,F,F,F,F,F,F,F,F,F,F
K,K,K,K,K,K,K,K,K,K,K,K
P,P,P,P,P,P,P,P,P,P,P,P
Y,Y,Y,Y,Y,Y,Y,Y,Y,Y,Y,Y
F,F,F,F,F,F,F,F,F,F,F,F
H,H,H,H,H,H,H,H,H,H,H,H
V,V,V,V,V,V,V,V,V,V,V,V
S,S,D,N,S,D,S,S,D,D,D,S
P,P,P,P,P,P,P,P,P,P,P,P
P,P,P,P,P,P,P,P,P,P,P,P
K,K,K,K,K,K,K,K,K,K,K,K
F,F,F,F,F,F,F,F,F,F,F,F
D,D,D,D,D,D,D,D,D,D,D,D
F,F,F,F,F,F,F,F,F,F,F,F
K,K,K,K,K,K,K,K,K,K,K,K
T,T,T,T,T,T,T,T,T,T,T,T
E,E,E,E,E,E,E,E,E,E,E,E
V,V,V,V,V,V,V,V,V,I,I,V
L,L,L,L,L,L,L,L,L,L,L,L
D,D,D,D,D,D,D,D,D,D,D,D
K,K,K,K,K,R,K,K,K,K,K,K
V,V,V,V,V,V,V,V,V,V,V,V
R,R,R,R,R,R,R,R,R,R,R,R
D,D,D,D,D,D,D,D,D,D,D,D
F,F,F,F,F,F,F,F,F,F,F,F
F,F,F,F,F,F,F,F,F,F,F,F
A,A,A,A,A,A,A,A,A,A,A,A
T,T,T,N,T,T,T,T,T,G,G,T
D,D,G,D,D,D,D,D,G,G,G,D
E,E,E,D,E,E,E,E,E,E,E,E
E,E,E,E,E,E,E,E,E,E,E,E
E,E,E,E,E,E,E,E,E,E,E,E
E,E,E,E,E,E,E,E,E,E,E,E
-,E,E,E,E,E,E,E,E,E,E,E
F,F,F,F,F,F,F,F,L,F,F,F
D,D,D,D,D,D,D,D,D,D,D,D
D,A,D,D,D,D,D,D,D,D,D,A
T,T,T,T,T,T,T,T,T,T,T,T
N,N,N,N,N,N,N,N,N,N,N,N
P,P,P,P,P,P,P,P,P,P,P,P
F,F,F,F,F,F,F,F,F,F,F,F
K,K,K,K,K,K,K,K,K,K,K,K
Q,Q,Q,Q,Q,Q,Q,Q,Q,Q,Q,Q
I,I,I,I,I,I,I,I,I,I,I,I
S,S,S,S,S,S,S,S,S,S,S,S
L,L,L,L,L,L,L,L,L,L,L,L
K,K,K,K,K,K,K,K,K,K,K,K
N,S,S,N,S,S,N,S,S,N,N,S
V,V,V,V,V,V,V,V,V,L,L,V
N,N,N,N,N,N,N,N,N,N,N,N
D,D,D,D,D,D,D,D,D,D,D,D
I,I,I,I,I,I,V,I,I,I,I,I
F,F,F,F,F,F,F,F,F,F,F,F
N,N,N,N,N,N,N,N,N,N,N,N
L,L,L,L,L,L,L,L,L,L,L,L
V,V,V,V,V,V,V,V,V,V,V,V
K,K,K,K,K,K,K,K,K,K,K,K
N,N,N,N,N,N,N,N,N,N,N,N
G,G,G,G,G,G,G,G,G,G,G,G
Q,Q,Q,Q,Q,Q,Q,Q,Q,Q,Q,Q
W,W,W,W,W,W,W,W,W,W,W,W
L,L,L,L,L,L,L,L,L,L,L,L
M,M,M,M,M,M,M,M,M,M,M,M
S,S,S,S,S,S,S,S,S,S,S,S
F,F,F,F,F,F,F,F,F,F,F,F
F,F,F,F,F,F,F,F,F,F,F,F
L,L,L,L,L,L,L,L,L,L,L,L
S,S,S,S,S,S,S,S,S,S,S,S
L,L,L,L,L,L,L,L,L,L,L,L
R,R,R,R,R,R,R,R,R,R,R,R
D,D,D,D,D,D,D,D,D,D,D,D
W,W,W,W,W,W,W,W,W,W,W,W
F,F,F,F,F,F,F,F,F,F,F,F
R,R,R,R,R,R,R,R,R,R,R,R
T,T,T,T,T,T,T,T,T,A,A,T
W,W,W,W,W,W,W,W,W,W,W,W
L,L,L,L,L,L,L,L,L,L,L,L
E,E,E,E,E,E,E,E,E,D,D,E
S,S,S,S,S,S,S,S,S,S,S,S
E,E,E,E,E,E,E,E,E,E,E,E
E,E,E,E,E,E,E,E,E,E,E,E
K,K,K,K,K,K,K,K,K,K,K,K
F,F,F,F,F,F,F,F,F,F,F,F
I,I,I,I,I,I,I,I,I,I,I,I
T,T,T,T,T,T,T,T,T,T,T,T
Y,Y,Y,Y,Y,Y,Y,Y,Y,Y,Y,Y
H,H,H,H,H,H,H,H,H,H,H,H
D,D,D,D,D,D,D,D,D,D,D,D
L,L,L,L,L,L,L,L,L,L,L,L
V,V,V,V,V,V,V,V,V,V,V,V
P,P,P,P,P,P,P,P,P,P,P,P
Q,Q,Q,Q,Q,Q,Q,Q,Q,Q,Q,Q
I,I,I,I,I,I,I,I,I,I,I,I
I,I,I,I,I,I,I,I,I,I,I,I
E,E,E,E,E,E,E,E,E,E,E,E
H,H,H,H,H,H,H,H,H,H,H,H
Q,Q,Q,Q,Q,Q,Q,Q,Q,Q,Q,Q
E,E,E,E,E,E,E,E,E,E,E,E
K,R,R,R,R,R,K,R,R,R,R,R
L,L,L,L,L,L,L,L,L,L,L,L
L,L,L,L,L,L,L,L,L,L,L,L
V,V,V,V,V,V,V,V,V,I,I,V
P,P,P,P,P,P,P,P,P,P,P,P
D,D,D,D,D,D,D,D,D,D,D,D
E,E,E,V,E,E,E,E,E,E,E,E
Y,Y,Y,Y,Y,Y,Y,Y,Y,Y,Y,Y
A,A,A,A,A,A,A,A,A,A,A,A
E,E,E,E,E,E,E,E,E,E,E,E
A,A,A,A,A,A,A,A,A,A,A,A
H,H,H,H,H,H,H,H,H,H,H,H
N,N,N,N,N,N,N,N,N,N,N,N
W,W,W,W,W,W,W,W,W,W,W,W
L,L,L,L,L,L,L,L,L,L,L,L
E,E,E,E,E,E,E,E,E,E,E,E
R,R,R,R,R,R,R,R,R,R,R,R
K,K,K,K,K,K,K,K,K,K,K,K
R,R,R,R,R,R,R,R,R,R,R,R
E,E,E,E,E,E,E,E,E,E,E,E
V,V,V,V,V,V,V,V,V,V,V,V
L,L,L,L,L,L,L,L,L,L,L,L
L,L,L,L,L,L,L,L,L,L,L,L
Q,Q,Q,Q,Q,Q,Q,Q,Q,Q,Q,Q
A,A,A,A,A,A,A,A,A,A,A,A
N,N,N,N,N,N,N,N,N,N,N,N
Q,Q,Q,Q,Q,Q,Q,Q,Q,Q,Q,Q
Y,Y,Y,Y,Y,Y,Y,Y,Y,Y,Y,Y
A,A,A,A,A,A,A,A,A,A,A,A
L,L,L,L,L,L,L,L,L,L,L,L
A,A,A,A,A,A,A,A,A,A,A,A
K,K,K,K,K,K,K,K,K,K,K,K
L,L,L,L,L,L,L,L,L,L,L,L
C,C,C,C,C,C,C,C,C,C,C,C
E,E,E,E,E,E,E,E,E,E,E,E
P,P,P,P,P,P,P,P,P,P,P,P
K,K,K,K,K,K,K,K,K,K,K,K
V,V,V,V,V,V,V,V,V,V,V,V
G,G,G,G,G,G,G,G,G,G,G,G
P,P,P,P,P,P,P,P,P,P,P,P
P,P,P,P,P,P,P,P,P,P,P,P
P,P,P,P,P,P,P,P,P,A,A,P
E,E,E,E,E,E,E,E,E,E,E,E
T,T,T,T,T,T,T,T,T,T,T,T
R,R,R,R,R,R,R,R,R,R,R,R
P,P,P,P,P,P,P,P,P,P,P,P
E,E,E,E,E,E,E,E,E,E,E,E
P,P,P,P,P,P,P,P,P,P,P,P
V,V,V,V,V,V,V,V,V,V,V,V
V,V,V,V,V,V,V,V,V,V,V,V
I,I,I,V,I,I,I,I,I,V,V,I
L,L,L,L,L,L,L,L,L,L,L,L
F,F,F,F,F,F,F,F,F,F,F,F
R,R,R,R,R,R,R,R,R,R,R,R
G,G,G,G,G,G,G,G,G,G,G,G
D,D,D,D,D,D,D,D,D,D,D,D
S,S,S,S,S,S,S,S,S,S,S,S
G,G,G,G,G,G,G,G,G,G,G,G
Q,Q,Q,Q,Q,Q,Q,Q,Q,Q,Q,Q
G,G,G,G,G,G,G,G,G,G,G,G
K,K,K,K,K,K,K,K,K,K,K,K
S,S,S,S,S,S,S,S,S,S,S,S
F,F,F,F,F,F,F,F,F,F,F,F
L,L,L,L,L,L,L,L,L,L,L,L
S,S,S,S,S,S,S,S,S,S,S,S
N,N,N,N,N,N,N,N,N,N,N,N
L,L,L,L,L,L,L,L,L,L,L,L
I,I,I,I,I,I,I,I,I,I,I,I
A,A,A,A,A,A,A,A,A,A,A,A
Q,Q,Q,Q,Q,Q,Q,Q,Q,Q,Q,Q
A,A,A,A,A,A,A,A,A,A,A,A
L,L,L,L,L,L,L,L,L,L,L,L
S,S,S,S,S,S,S,S,S,S,S,S
K,K,K,K,K,K,K,K,K,K,K,K
L,L,L,L,L,L,L,L,L,L,L,L
L,L,L,L,L,L,L,L,L,L,L,L
T,T,T,T,T,T,T,T,T,T,T,T
G,G,G,G,G,G,G,G,G,G,G,G
R,R,R,R,R,R,R,R,R,R,R,R
V,V,V,V,V,V,V,V,V,P,P,V
D,D,D,D,D,D,D,D,D,D,D,D
S,S,S,S,S,S,S,S,S,S,S,S
I,I,I,I,I,I,I,I,I,I,I,I
W,W,W,W,W,W,W,W,W,W,W,W
S,S,S,S,S,S,S,S,S,S,S,S
C,C,C,C,C,C,C,C,C,C,C,C
P,P,P,P,P,P,P,P,P,P,P,P
P,P,P,P,P,P,P,P,P,P,P,P
D,D,D,D,D,D,D,D,D,D,D,D
P,P,P,P,P,P,P,P,P,P,P,P
D,D,D,D,D,D,D,D,D,D,D,D
H,H,H,H,H,H,H,H,H,H,H,H
F,F,F,F,F,F,F,F,F,F,F,F
D,D,D,D,D,D,D,D,D,D,D,D
G,G,G,G,G,G,G,G,G,G,G,G
Y,Y,Y,Y,Y,Y,Y,Y,Y,Y,Y,Y
R,R,R,R,R,R,R,R,R,R,R,R
G,G,G,G,G,G,G,G,G,G,G,G
Q,Q,Q,Q,Q,Q,Q,Q,Q,Q,Q,Q
K,K,K,K,K,K,K,K,K,K,K,K
V,V,V,V,V,V,V,V,V,V,V,V
V,V,V,V,V,V,V,V,V,V,V,V
I,I,I,I,I,I,I,I,I,I,I,I
M,M,M,M,M,M,M,M,M,M,M,M
D,D,D,D,D,D,D,D,D,D,D,D
D,D,D,D,D,D,D,D,D,D,D,D
L,L,L,L,L,L,L,L,L,L,L,L
G,G,G,G,G,G,G,G,G,G,G,G
Q,Q,Q,Q,Q,Q,Q,Q,Q,Q,Q,Q
N,N,N,N,N,N,N,N,N,N,N,N
P,P,P,P,P,P,P,P,P,P,P,P
D,D,D,D,D,D,D,D,D,D,D,D
G,G,G,G,G,G,G,G,G,G,G,G
T,T,T,T,T,T,T,T,T,T,T,T
D,D,D,D,D,D,D,D,D,D,D,D
F,F,F,F,F,F,F,F,F,F,F,F
K,K,K,K,K,K,K,K,K,K,K,K
Y,Y,Y,Y,Y,Y,Y,Y,Y,Y,Y,Y
F,F,F,F,F,F,F,F,F,F,F,F
A,A,A,A,A,A,A,A,A,A,A,A
Q,Q,Q,Q,Q,Q,Q,Q,Q,Q,Q,Q
M,M,M,M,M,M,M,M,M,M,M,M
V,V,V,V,V,V,V,V,V,V,V,V
S,S,S,S,S,S,S,S,S,S,S,S
T,T,T,T,T,T,T,T,T,T,T,T
T,T,T,T,T,T,T,T,T,T,T,T
A,A,A,A,A,A,A,A,A,A,A,A
F,F,F,F,F,F,F,F,F,F,F,F
I,I,I,I,I,I,I,I,I,I,I,I
P,P,P,P,P,P,P,P,P,P,P,P
P,P,P,P,P,P,P,P,P,P,P,P
M,M,M,M,M,M,M,M,M,M,M,M
A,A,A,A,A,A,A,A,A,A,A,A
A,A,A,A,A,A,A,A,A,A,A,A
L,L,L,L,L,L,L,L,L,L,L,L
E,E,E,E,E,E,E,E,E,E,E,E
D,D,D,D,D,D,D,D,D,D,D,D
K,K,K,K,K,K,K,K,K,K,K,K
G,G,G,G,G,G,G,G,G,G,G,G
K,K,K,K,K,K,K,K,K,K,K,K
V,V,V,V,V,V,V,V,V,V,V,V
F,F,F,F,F,F,F,F,F,F,F,F
N,N,N,N,N,N,N,N,N,N,N,N
S,S,S,S,S,S,S,S,S,S,S,S
P,P,P,P,P,P,P,P,P,P,P,P
V,V,V,V,V,V,V,V,V,V,V,V
I,I,I,I,I,I,I,I,I,I,I,I
I,I,I,I,I,I,I,I,I,I,I,I
A,A,A,A,A,A,A,A,A,A,A,A
T,T,T,T,T,T,T,T,T,T,T,T
T,T,T,T,T,T,T,T,T,T,T,T
N,N,N,N,N,N,N,N,N,N,N,N
M,M,M,M,M,M,M,M,M,M,M,M
H,H,H,H,H,H,H,H,H,H,H,H
E,E,E,E,E,E,E,E,E,E,E,E
H,H,H,H,H,H,H,H,H,H,H,H
F,F,F,F,F,F,F,F,F,F,F,F
T,T,T,T,T,T,T,T,T,T,T,T
P,P,P,P,P,P,P,P,P,P,P,P
K,K,K,K,K,K,K,K,K,K,K,K
T,T,T,T,T,T,T,T,T,T,T,T
M,M,M,M,M,M,M,M,M,M,M,M
A,A,A,A,A,A,A,A,A,A,A,A
C,C,C,C,C,C,C,C,C,C,C,C
P,P,P,P,P,P,P,P,P,P,P,P
G,G,G,G,G,G,A,G,G,G,G,G
A,A,A,A,A,A,A,A,A,A,A,A
L,L,L,L,L,L,L,L,L,L,L,L
V,V,V,V,V,V,V,V,V,V,V,V
R,R,R,R,R,R,R,R,R,R,R,R
R,R,R,R,R,R,R,R,R,R,R,R
F,F,F,F,F,F,F,F,F,F,F,F
T,T,T,T,T,T,T,T,T,T,T,T
Y,Y,Y,Y,Y,Y,Y,Y,Y,Y,Y,Y
D,D,D,D,D,D,D,D,D,D,D,D
Y,Y,Y,Y,Y,Y,Y,Y,Y,Y,Y,Y
V,V,V,V,V,V,V,V,V,I,I,V
L,L,L,L,L,L,L,L,L,L,L,L
A,A,A,S,A,A,A,A,A,A,A,A
A,A,A,A,A,A,A,A,A,A,A,A
K,K,K,K,K,K,K,K,K,K,K,K
K,K,K,K,K,K,K,K,K,K,K,K
P,P,P,P,P,P,P,P,P,P,P,P
Y,Y,Y,Y,Y,Y,Y,Y,Y,Y,Y,Y
I,I,I,I,I,I,I,I,I,I,I,I
R,R,R,R,R,R,R,R,R,R,R,R
E,E,E,E,E,E,E,E,E,E,E,E
K,K,K,K,K,K,K,K,K,K,K,K
T,T,T,T,T,T,T,T,T,T,T,T
E,E,E,E,E,E,E,E,E,E,E,E
T,T,T,T,T,T,T,T,T,T,T,T
L,L,L,L,L,L,L,L,L,L,L,L
N,N,N,N,N,N,N,N,N,N,N,N
V,V,V,V,V,V,V,V,V,V,V,V
R,R,R,R,R,R,R,R,R,R,R,R
K,K,K,K,K,K,K,K,K,K,K,K
A,A,A,A,A,A,A,A,A,A,A,A
L,L,L,L,L,L,L,L,L,L,L,L
N,N,N,A,N,N,S,N,N,A,A,N
A,A,A,A,A,A,A,A,A,A,A,A
T,T,T,S,T,T,T,T,T,S,S,T
G,G,G,G,G,G,G,G,G,G,G,G
Q,H,H,Q,H,H,H,H,H,H,H,H
E,E,E,E,E,E,E,E,E,D,D,E
C,C,C,C,C,C,C,C,C,C,C,C
P,P,P,P,P,P,P,P,P,P,P,P
C,C,C,C,C,C,C,C,C,C,C,C
G,G,G,G,G,G,G,G,G,G,G,G
L,L,L,L,L,L,L,L,L,L,L,L
F,F,F,F,F,F,F,F,F,F,F,F
E,E,E,E,E,E,E,E,E,E,E,E
F,F,F,F,F,F,F,F,F,F,F,F
D,D,D,D,D,D,D,D,D,D,D,D
C,C,C,C,C,C,C,C,C,C,C,C
P,P,P,P,P,P,P,P,P,P,P,P
L,L,L,L,L,L,L,L,L,L,L,L
L,L,L,L,L,L,L,L,L,L,L,L
N,N,N,N,N,N,N,N,N,N,N,N
G,G,G,G,G,G,G,G,G,G,G,G
E,E,E,E,E,E,E,E,E,E,E,E
A,A,A,A,A,A,A,A,A,A,A,A
I,I,I,I,I,I,I,I,I,L,L,I
D,D,D,E,D,D,D,D,D,D,D,D
L,L,L,L,L,L,L,L,L,L,L,L
T,T,T,T,T,T,T,T,T,T,T,T
P,P,P,P,P,P,P,P,P,P,P,P
I,V,V,V,V,V,V,V,V,V,V,V
R,R,R,R,R,R,R,R,R,R,R,R
D,D,D,N,D,D,D,D,D,E,E,D
T,T,T,T,T,T,T,T,T,T,T,T
P,P,P,P,P,P,P,P,P,P,P,P
T,A,A,T,A,A,T,A,A,V,V,A
V,V,V,V,V,V,V,V,V,V,V,V
E,E,E,E,E,E,E,E,E,E,E,E
S,S,S,S,S,S,S,S,S,S,S,S
V,V,V,V,V,V,V,V,V,V,V,V
Y,Y,Y,Y,Y,Y,Y,Y,Y,Y,Y,Y
E,E,E,E,E,E,E,E,E,E,E,E
L,L,L,L,L,L,L,L,L,L,L,L
I,I,I,I,I,I,I,I,I,I,I,I
E,E,E,E,E,E,E,E,E,E,E,E
L,L,L,L,L,L,L,L,L,L,L,L
V,V,V,V,V,V,V,V,V,V,V,V
Y,Y,Y,Y,Y,Y,Y,Y,Y,Y,Y,Y
N,N,N,N,N,N,N,N,N,N,N,N
E,E,E,E,E,E,E,E,E,E,E,E
V,V,V,V,V,V,V,V,V,V,V,V
M,M,M,T,M,M,M,M,M,M,M,M
D,D,D,D,D,D,D,D,D,D,D,D
R,R,R,R,R,R,R,R,R,R,R,R
R,R,R,R,R,R,R,R,R,R,R,R
T,T,T,T,T,T,T,T,T,A,A,T
V,V,V,V,V,V,V,V,V,V,V,V
S,S,S,S,S,S,S,S,S,S,S,S
D,D,D,D,D,D,N,D,D,D,D,D
L,L,L,L,L,L,L,L,L,L,L,L
K,K,K,K,K,K,K,K,K,R,R,K
I,I,I,V,I,I,I,I,I,I,I,I
L,L,L,L,L,L,L,L,L,L,L,L
K,K,K,K,K,K,K,K,K,K,K,K
Q,Q,Q,Q,Q,Q,Q,Q,Q,Q,Q,Q
M,M,M,M,M,M,M,M,M,M,M,M
G,G,G,G,G,G,G,G,G,G,G,G
K,K,K,K,K,K,K,K,K,K,K,K
Y,Y,Y,H,Y,Y,Y,Y,C,Y,Y,Y
T,T,T,V,T,T,T,T,T,M,M,T
T,T,T,T,T,T,T,T,T,T,T,T
L,L,L,L,L,L,L,L,L,L,L,L
D,D,D,D,D,D,D,D,D,D,D,D
N,N,N,D,N,N,S,N,N,D,D,N
I,I,I,I,I,I,I,I,I,I,I,I
K,K,K,R,K,K,K,K,K,K,K,K
K,K,R,K,R,R,K,R,R,K,K,K
H,H,H,R,H,H,H,H,H,R,R,H
K,R,K,K,K,K,R,K,K,K,K,R
P,P,P,P,P,P,P,P,P,P,P,P
T,T,T,T,V,T,T,V,A,A,A,T
F,V,F,V,F,F,V,F,F,V,V,V
M,I,V,I,V,V,I,V,V,I,I,I
P,P,P,P,P,P,P,P,P,P,P,P
F,F,F,F,F,F,F,F,F,F,F,F
S,S,S,S,S,S,S,S,S,T,T,S
G,G,G,G,G,G,G,G,G,G,G,G
H,Q,Q,Q,Q,Q,Q,Q,Q,R,R,Q
G,G,G,G,G,G,G,G,G,S,S,G
Y,Y,Y,Y,Y,Y,Y,Y,Y,Y,Y,Y
Q,Q,Q,Q,Q,Q,Q,Q,Q,Q,Q,Q
P,P,P,P,P,P,P,P,P,A,A,P
G,G,G,G,G,G,G,G,G,G,G,G
R,R,R,R,R,R,R,R,R,R,R,R
D,D,D,D,D,D,D,D,D,D,D,D
I,I,I,I,I,I,I,I,I,I,I,I
N,N,N,N,N,N,N,N,N,N,N,N
A,A,A,A,A,A,A,A,A,A,A,A
S,S,S,S,S,S,S,S,S,S,S,S
P,P,P,P,P,P,P,P,P,P,P,P
E,E,E,D,E,E,E,E,E,E,E,E
M,M,M,M,M,M,M,M,M,M,M,M
Q,Q,Q,Q,Q,Q,Q,Q,Q,Q,Q,Q
E,E,E,E,E,E,E,E,E,E,E,E
K,K,K,K,K,K,K,K,K,K,K,K
L,L,L,V,L,L,L,L,L,L,L,L
L,L,L,L,L,L,L,L,L,L,L,L
K,K,K,K,K,K,K,K,K,K,K,K
Y,Y,Y,Y,Y,Y,Y,Y,Y,Y,Y,Y
L,L,L,L,L,L,L,L,L,L,L,L
V,V,V,V,V,V,V,V,V,V,V,V
K,K,K,K,K,K,K,K,K,K,K,K
H,H,H,N,H,H,H,H,H,N,N,H
E,E,E,E,E,E,E,E,E,E,E,E
H,H,H,H,H,H,H,H,H,H,H,H
L,L,L,L,L,L,L,L,L,L,L,L
D,D,D,D,D,D,D,D,D,D,D,D
A,A,A,A,A,A,A,A,A,A,A,A
A,A,A,A,A,A,A,A,A,A,A,A
L,L,L,L,L,L,L,L,L,L,L,L
N,N,N,N,N,N,N,N,N,N,N,N
F,F,F,F,F,F,F,F,F,F,F,F
Y,Y,Y,Y,Y,Y,Y,Y,Y,Y,Y,Y
N,N,N,N,N,N,N,N,N,N,N,N
E,E,E,E,E,E,E,E,E,E,E,E
E,E,E,E,E,E,E,E,E,E,E,E
C,C,C,C,C,C,C,C,C,C,C,C
D,D,D,D,D,D,D,D,D,D,D,D
E,E,E,E,E,E,D,E,E,E,E,E
E,E,D,E,D,D,E,D,D,D,D,E
V,V,I,I,I,I,V,I,I,V,V,V
R,C,R,R,R,R,R,R,R,R,R,C
A,T,T,V,T,T,A,T,T,D,D,T
K,K,K,K,K,K,K,K,K,K,K,K
W,W,W,W,W,W,W,W,W,W,W,W
G,G,G,G,G,G,G,G,G,G,G,G
P,P,P,P,P,P,S,P,P,P,P,P
S,S,S,S,S,S,S,S,S,S,S,S
I,I,I,I,I,I,I,I,I,I,I,I
G,G,G,G,G,G,G,G,G,G,G,G
E,E,E,E,E,E,E,E,E,K,K,E
Y,Y,Y,Y,Y,Y,Y,Y,Y,Y,Y,Y
L,L,L,L,L,L,L,L,L,L,L,L
K,K,K,K,K,K,K,K,K,E,E,K
V,V,V,V,V,V,V,V,V,V,V,V
K,K,K,K,K,K,K,K,K,K,K,K
T,T,T,T,T,T,T,T,T,T,T,T
L,L,L,L,L,L,L,L,L,L,L,L
W,W,W,W,W,W,W,W,W,W,W,W
M,M,M,M,M,M,M,M,M,M,M,M
K,K,K,K,K,K,K,K,K,K,K,K
V,V,V,V,V,V,V,V,V,V,V,V
K,K,K,K,K,K,K,K,K,K,K,K
K,K,K,K,K,K,K,K,K,K,K,K
Y,Y,Y,Y,Y,Y,Y,Y,Y,Y,Y,Y
S,S,S,S,S,S,S,S,S,S,S,S
H,H,H,H,H,H,H,H,H,H,H,H
L,L,L,L,L,L,L,L,L,L,L,L
F,F,F,F,F,F,F,F,F,F,F,F
L,L,L,L,L,L,L,L,L,L,L,L
T,T,T,T,T,T,T,T,T,T,T,T
G,G,G,G,G,G,G,G,G,G,G,G
L,L,L,L,L,L,L,L,L,L,L,L
M,M,M,M,M,M,M,M,M,M,M,M
L,L,L,L,L,L,L,L,L,L,L,L
I,I,I,I,I,I,I,I,I,I,I,I
G,G,G,G,G,G,G,G,G,G,G,G
N,N,N,N,N,N,N,N,N,N,N,N
M,M,L,M,M,M,M,M,M,M,M,M
L,L,L,L,L,L,I,L,L,L,L,L
L,L,L,L,L,L,L,L,L,L,L,L
L,L,L,L,L,L,L,L,L,L,L,L
Y,Y,Y,Y,Y,Y,Y,Y,Y,Y,Y,Y
L,L,L,L,L,L,L,L,L,L,L,L
N,N,N,N,N,N,N,N,N,N,N,N
N,N,N,N,N,N,N,N,N,N,N,N
R,R,R,K,R,R,R,R,R,R,R,R
T,T,T,T,T,T,T,T,T,T,T,T
P,P,P,P,P,P,P,P,S,P,P,P
E,E,E,E,E,E,E,E,E,E,E,E
E,E,E,E,E,E,E,E,E,E,E,E
K,K,K,K,K,K,K,K,K,R,R,K
K,K,K,K,K,K,K,K,K,K,K,K
K,K,K,K,K,K,K,K,K,K,K,K
K,K,K,K,K,K,K,K,K,K,K,K
K,K,K,K,K,K,K,K,K,K,K,K
K,K,K,R,K,K,K,K,K,K,K,K
N,N,N,T,N,S,T,N,N,N,N,N
K,K,K,K,K,K,K,K,K,K,K,K
T,T,A,T,A,A,T,A,V,T,T,T
E,E,E,E,E,E,E,E,E,D,D,E
E,E,E,E,E,E,E,E,E,E,E,E
D,D,D,D,D,D,D,D,D,D,D,D
N,N,N,N,N,N,N,N,N,N,N,N
T,T,T,T,T,T,T,T,T,T,T,T
I,N,T,S,T,T,N,T,T,T,T,N
K,K,K,K,K,K,K,K,K,K,K,K
E,E,E,E,E,E,E,E,E,E,E,E
G,G,G,G,G,G,G,G,G,G,G,G
P,P,P,P,P,P,P,P,P,P,P,P
Y,Y,Y,Y,Y,Y,Y,Y,Y,Y,Y,Y
G,G,G,G,G,G,G,G,G,G,G,G
G,G,G,G,G,G,G,G,G,G,G,G
Q,Q,Q,Q,Q,Q,Q,Q,Q,Q,Q,Q
A,A,A,A,A,A,A,A,A,A,A,A
K,K,K,K,K,K,K,K,K,K,K,K
P,P,P,P,P,P,P,P,P,P,P,P
P,P,P,P,P,P,P,P,P,P,P,P
V,V,V,V,V,V,V,V,V,V,V,V
K,K,K,K,K,K,K,K,K,K,K,K
V,V,V,V,V,V,V,V,V,V,V,V
D,D,D,D,D,D,D,D,D,D,D,D
K,K,K,K,K,K,K,K,K,K,K,K
L,L,L,L,L,L,L,L,L,L,L,L
K,K,K,K,K,K,K,K,K,K,K,K
V,V,V,V,V,V,V,V,V,V,V,V
N,N,N,N,N,N,N,N,N,N,N,N
P,P,P,P,P,P,P,P,P,P,P,P
L,L,L,L,L,L,L,L,L,L,L,L
I,I,I,I,I,I,I,I,I,I,I,I
A,T,T,T,T,T,T,T,T,T,T,T
T,T,T,T,T,T,T,T,T,T,T,T
E,E,E,E,E,E,E,E,E,E,E,E
S,S,S,S,S,S,S,S,S,S,S,S
G,G,G,G,G,G,G,G,G,G,G,G
N,N,N,N,N,N,N,N,N,N,N,N
P,P,P,P,P,P,P,P,P,P,P,P
P,P,P,P,P,P,P,P,P,P,P,P
T,T,T,T,T,T,T,T,T,T,T,T
D,D,D,D,D,D,D,D,D,D,D,D
M,M,M,M,M,M,M,M,M,M,M,M
Q,Q,Q,Q,Q,Q,Q,Q,Q,Q,Q,Q
M,L,M,M,M,M,M,M,M,M,M,L
V,V,V,V,V,V,V,V,V,V,V,V
V,V,V,V,V,V,V,V,V,V,V,V
L,L,L,L,L,L,L,L,L,L,L,L
K,K,K,K,K,K,K,K,K,K,K,K
N,N,N,N,N,N,N,N,N,N,N,N
T,T,T,T,T,T,T,T,T,T,T,T
Q,Q,Q,Q,Q,Q,Q,Q,Q,Q,Q,Q
P,P,P,P,P,P,P,P,P,P,P,P
I,I,I,I,I,I,I,I,I,I,I,I
S,S,S,S,S,S,S,S,S,S,S,S
L,L,L,L,L,L,L,L,L,L,L,L
I,V,I,V,I,V,V,I,I,V,V,V
R,R,R,R,R,R,R,R,R,R,R,R
D,D,D,D,D,D,D,D,D,D,D,D
G,G,G,G,G,G,G,G,G,G,G,G
Q,Q,Q,Q,Q,Q,H,Q,Q,Q,Q,Q
V,I,I,I,I,I,I,I,I,I,I,I
V,V,V,V,V,V,V,V,V,V,V,V
A,A,A,A,A,A,A,A,A,A,A,A
T,T,T,T,T,T,T,T,T,T,T,T
C,C,C,C,C,C,C,C,C,C,C,C
C,C,C,C,C,C,C,C,C,C,C,C
A,A,A,A,A,A,A,A,A,A,A,A
L,L,L,L,L,L,L,L,L,L,L,L
G,G,G,G,G,G,G,G,G,G,G,G
V,V,I,V,I,I,V,I,I,V,V,V
F,F,F,F,F,F,F,F,F,F,F,F
G,G,G,G,G,G,G,G,G,G,G,G
T,T,T,T,T,T,T,T,T,T,T,T
T,T,T,T,T,T,T,T,T,T,T,T
Y,Y,Y,Y,Y,Y,Y,Y,Y,Y,Y,Y
L,L,L,L,L,L,L,L,L,L,L,L
V,V,V,V,V,V,V,V,V,V,V,V
P,P,P,P,P,P,P,P,P,P,P,P
Y,Y,Y,Y,Y,Y,Y,Y,Y,Y,Y,Y
H,H,H,H,H,H,H,H,H,H,H,H
L,L,L,L,L,L,L,L,L,L,L,L
F,F,F,F,F,F,F,F,F,F,F,F
E,E,E,E,E,E,E,E,E,E,E,E
E,E,E,E,E,E,E,E,E,E,E,E
S,S,S,S,S,S,S,S,S,S,S,S
F,F,F,F,F,F,F,F,F,F,F,F
E,D,D,D,D,D,D,D,D,D,D,D
V,T,T,T,T,T,T,T,T,T,T,T
L,L,L,L,L,L,L,L,L,L,L,L
V,I,V,V,V,V,V,V,V,V,V,I
I,I,I,I,I,I,I,I,I,I,I,I
G,G,G,G,G,G,G,G,G,G,G,G
D,D,D,D,D,D,D,D,D,D,D,D
R,R,R,R,R,R,R,R,R,R,R,R
H,H,H,H,H,H,H,H,H,H,H,H
L,L,L,L,L,L,L,L,L,L,L,L
K,K,K,K,K,K,K,K,K,K,K,K
E,E,E,E,E,E,E,E,E,E,E,E
H,Q,Q,Q,Q,Q,Q,Q,Q,R,R,Q
D,D,D,D,D,D,D,D,D,D,D,D
Y,Y,Y,Y,Y,Y,Y,Y,Y,Y,Y,Y
R,K,K,K,K,K,K,K,K,K,K,K
L,L,L,L,L,L,L,L,L,L,L,L
D,D,D,D,D,D,D,D,D,D,D,D
T,T,T,T,T,T,T,T,T,T,T,T
F,F,F,F,F,F,F,F,F,F,F,F
E,E,E,E,E,E,E,E,E,E,E,E
L,L,L,L,L,L,L,L,L,L,L,L
K,R,R,R,R,R,R,K,K,R,R,R
D,D,D,D,D,D,D,D,D,D,D,D
G,G,G,G,G,G,G,G,G,G,G,G
K,K,K,K,K,K,K,K,K,K,K,K
V,I,I,V,I,I,T,I,I,V,V,I
S,S,S,S,S,S,S,S,S,S,S,S
D,D,D,D,D,D,D,D,D,D,D,D
V,V,V,V,V,V,V,V,V,V,V,V
A,A,A,A,A,A,A,A,A,A,A,A
A,A,A,A,A,A,A,A,A,A,A,A
I,L,L,L,L,L,L,L,L,I,I,L
T,T,T,T,T,T,T,T,T,T,T,T
L,L,L,L,L,L,L,L,L,L,L,L
N,N,N,N,N,N,N,N,N,N,N,N
K,K,K,K,K,K,K,K,K,K,K,K
G,G,G,G,G,G,G,G,G,G,G,G
A,A,A,A,A,A,A,A,A,A,A,A
R,R,R,R,R,R,R,R,R,R,R,R
V,V,V,V,V,V,V,V,V,V,V,V
R,R,R,R,R,R,R,R,R,R,R,R
D,D,D,D,D,D,D,D,D,D,D,D
I,I,I,I,I,I,I,I,I,I,I,I
I,T,T,T,T,T,I,T,T,T,T,T
S,S,S,S,S,S,S,S,S,S,S,S
H,H,H,H,H,H,H,H,H,H,H,H
F,F,F,F,F,F,F,F,F,F,F,F
R,R,R,R,R,R,R,R,R,R,R,R
D,D,D,D,D,D,D,D,D,D,D,D
E,E,E,E,E,E,E,E,E,E,E,E
V,V,V,V,V,V,V,V,V,V,V,V
K,K,K,K,K,K,K,K,K,K,K,K
V,V,V,V,V,V,V,V,V,V,V,V
T,T,T,T,T,T,T,T,T,T,T,T
K,K,K,K,K,K,K,K,K,R,R,K
N,N,N,N,N,N,N,N,N,N,N,N
S,S,S,S,S,S,S,S,S,S,S,S
P,P,P,P,P,P,P,P,P,P,P,P
V,V,V,V,V,V,V,V,I,V,V,V
V,V,V,V,V,V,V,V,V,V,V,V
G,G,G,G,G,G,G,G,G,G,G,G
C,C,C,C,C,C,C,C,C,C,C,C
V,V,V,V,V,V,V,V,V,V,V,V
K,K,K,K,K,K,K,K,K,K,K,K
N,N,N,N,N,N,N,N,N,N,N,N
T,T,T,T,T,T,T,T,T,T,T,T
T,T,T,T,T,T,T,T,T,T,T,T
V,V,V,V,V,V,V,V,V,V,V,V
G,G,G,G,G,G,G,G,G,G,G,G
Q,Q,Q,Q,Q,Q,Q,Q,Q,Q,Q,Q
L,L,L,L,L,L,L,L,L,L,L,L
V,V,V,V,V,V,V,V,V,V,V,V
F,F,F,F,F,F,F,F,F,F,F,F
N,N,N,N,N,N,N,N,N,N,N,N
G,G,G,G,G,G,G,G,G,G,G,G
T,T,T,T,T,T,T,T,T,T,T,T
A,A,A,A,A,A,A,A,A,A,A,A
A,A,A,A,A,A,A,A,A,A,A,A
G,G,G,G,G,G,G,G,G,G,G,G
F,F,F,F,F,F,F,F,F,F,F,F
K,K,K,K,K,K,K,K,K,K,K,K
D,D,D,D,D,D,D,D,D,D,D,D
H,H,H,H,H,H,H,H,H,H,H,H
I,I,I,I,I,I,I,I,I,I,I,I
I,I,I,I,I,I,I,I,I,I,I,I
C,C,C,C,C,C,C,C,C,C,C,C
S,S,S,S,S,S,S,S,S,S,S,S
D,D,D,D,D,D,D,D,D,D,D,D
G,G,G,G,G,G,G,G,G,G,G,G
D,D,D,D,D,D,D,D,D,D,D,D
T,T,T,T,T,T,T,T,T,T,T,T
L,L,L,L,L,L,L,L,L,L,L,L
P,P,P,P,P,P,P,P,P,P,P,P
N,N,N,N,N,N,N,N,N,N,N,N
M,M,M,M,M,M,M,M,M,M,M,M
F,F,F,F,F,F,F,F,F,F,F,F
V,V,V,V,V,V,V,V,V,V,V,V
Y,Y,Y,Y,Y,Y,Y,Y,Y,Y,Y,Y
T,T,T,T,T,T,T,T,T,T,T,T
A,A,A,A,A,A,A,A,A,A,A,A
N,N,N,N,N,N,N,N,N,N,N,N
T,T,T,T,T,T,T,T,T,T,T,T
Q,Q,Q,Q,Q,Q,Q,Q,Q,Q,Q,Q
Y,Y,Y,Y,Y,Y,Y,Y,Y,Y,Y,Y
G,G,G,G,G,G,G,G,G,G,G,G
Y,Y,Y,Y,Y,Y,Y,Y,Y,Y,Y,Y
C,C,C,C,C,C,C,C,C,C,C,C
G,G,G,G,G,G,G,G,G,G,G,G
S,S,S,S,S,S,S,S,S,S,S,S
G,G,G,G,G,G,G,G,G,G,G,G
I,I,I,I,I,I,I,I,I,I,I,I
L,L,L,L,L,L,L,L,L,L,L,L
V,V,V,V,V,V,V,V,V,V,V,V
K,K,K,K,K,K,K,K,K,K,K,K
D,D,D,D,D,D,D,D,D,D,D,D
G,G,G,G,G,G,G,G,G,G,G,G
S,S,S,S,S,S,S,S,S,S,S,S
H,H,H,H,H,H,H,H,H,H,H,H
T,T,T,T,T,T,T,T,T,T,T,T
V,V,V,V,V,V,V,V,V,V,V,V
I,I,I,I,I,I,I,I,I,I,I,I
I,I,I,I,I,I,I,I,I,I,I,I
G,G,G,G,G,G,G,G,G,G,G,G
I,I,I,I,I,I,I,I,I,I,I,I
H,H,H,H,H,H,H,H,H,H,H,H
S,S,S,S,S,S,S,S,S,S,S,S
A,A,A,A,A,A,A,A,A,A,A,A
G,G,G,G,G,G,G,G,G,G,G,G
G,G,G,G,G,G,G,G,G,G,G,G
N,N,N,N,N,N,N,N,N,N,N,N
G,G,G,G,G,G,G,G,G,G,G,G
K,K,K,K,K,K,K,K,K,K,K,K
G,G,G,G,G,G,G,G,G,G,G,G
Y,Y,Y,Y,Y,Y,Y,Y,Y,Y,Y,Y
A,A,A,A,A,A,A,A,A,A,A,A
S,S,S,S,S,S,S,S,S,S,S,S
C,C,C,C,C,C,C,C,C,C,C,C
V,V,V,V,V,V,I,V,V,V,V,V
T,T,T,T,T,T,T,T,T,T,T,T
R,R,R,R,R,R,R,R,R,R,R,R
S,S,S,S,S,S,S,S,S,S,S,S
A,A,A,A,A,A,A,A,A,A,A,A
L,L,L,L,L,L,L,L,L,L,L,L
L,L,L,L,L,L,L,L,L,L,L,L
A,A,A,A,A,A,A,A,A,A,A,A
L,L,L,L,L,L,L,L,L,L,L,L
R,R,R,R,R,R,R,R,R,R,R,R
G,G,G,G,G,G,G,G,G,G,G,G
R,R,R,R,R,R,R,R,R,R,R,R
E,E,E,E,E,E,E,E,E,E,E,E
K,R,R,R,R,R,R,R,R,R,R,R
P,P,P,P,P,P,P,P,P,P,P,P
E,E,E,E,E,E,E,E,E,E,E,E
L,L,L,L,L,L,L,L,L,L,L,L
E,E,E,E,E,E,E,E,E,E,E,E
G,G,G,G,G,G,G,G,G,G,G,G
L,L,L,L,L,L,L,L,L,L,L,L
M,M,M,M,M,M,M,M,M,M,M,M
L,L,L,L,L,V,L,L,L,L,L,L
G,G,G,G,G,G,G,G,G,G,G,G
E,E,Q,E,Q,Q,E,Q,Q,E,E,E
Q,R,Q,Q,Q,Q,Q,Q,Q,Q,Q,R
P,P,P,P,P,P,P,P,P,P,P,P
G,G,G,G,G,G,G,G,G,G,G,G
E,E,E,E,E,E,E,E,E,E,E,E
K,K,K,K,K,K,K,K,K,K,K,K
V,V,V,V,V,V,V,V,V,V,V,V
H,H,H,H,H,H,H,H,H,H,H,H
V,V,V,V,V,V,V,V,V,V,V,V
S,S,S,S,S,S,S,S,S,S,S,S
R,R,R,R,R,R,R,R,R,R,R,R
K,K,K,K,K,K,K,K,K,K,K,K
T,T,T,T,T,T,T,T,T,T,T,T
K,K,K,K,K,K,K,K,K,K,K,K
L,L,L,L,L,L,L,L,L,L,L,L
A,A,A,A,A,A,V,A,A,A,A,A
P,P,P,P,P,P,P,P,P,P,P,P
T,T,T,T,T,T,T,T,T,T,T,T
V,V,V,V,V,V,V,V,V,V,V,V
A,A,A,A,A,A,A,A,A,A,A,A
Y,Y,Y,Y,Y,Y,Y,Y,Y,Y,Y,Y
G,G,G,G,G,G,G,G,G,G,G,G
V,V,V,V,V,V,V,V,V,V,V,V
F,F,F,F,F,F,F,F,F,F,F,F
R,R,R,R,R,R,R,R,R,R,R,R
P,P,P,P,P,P,P,P,P,P,P,P
N,N,N,N,N,N,D,N,N,N,N,N
Y,Y,Y,Y,Y,Y,Y,Y,Y,Y,Y,Y
G,G,G,G,G,G,G,G,G,G,G,G
P,P,P,P,P,P,P,P,P,P,P,P
A,A,A,A,A,A,A,A,A,A,A,A
A,A,A,A,A,A,A,A,A,A,A,A
L,L,L,L,L,L,L,L,L,L,L,L
S,S,S,S,S,S,S,S,S,S,S,S
N,N,N,N,N,N,N,N,N,N,N,N
S,S,S,S,S,S,S,S,S,S,S,S
D,D,D,D,D,D,D,D,D,D,D,D
T,T,T,T,T,T,T,T,T,T,T,T
R,R,R,R,R,R,R,R,R,R,R,R
L,L,L,L,L,L,L,L,L,L,L,L
N,N,S,S,S,S,N,S,S,N,N,N
E,E,E,E,E,E,E,E,E,E,E,E
G,G,G,G,G,G,G,G,G,G,G,G
V,V,V,V,V,V,V,V,V,V,V,V
V,V,V,V,V,V,V,V,V,V,V,V
L,L,L,L,L,L,L,L,L,L,L,L
D,D,D,D,D,D,D,D,D,D,D,D
N,N,N,N,N,N,N,N,N,N,N,N
V,V,V,V,V,V,V,V,V,V,V,V
I,I,I,I,I,I,I,I,I,I,I,I
F,F,F,F,F,F,F,F,F,F,F,F
S,S,S,S,S,S,S,S,S,S,S,S
K,K,K,K,K,K,K,K,K,K,K,K
H,H,H,H,H,H,H,H,H,H,H,H
K,N,N,N,N,N,N,N,N,K,K,N
S,S,S,S,S,S,S,S,S,S,S,S
N,N,N,N,N,N,N,N,N,N,N,N
V,V,V,V,V,V,V,V,V,V,V,V
V,V,V,V,V,V,V,V,V,V,V,V
L,L,L,L,L,L,L,L,L,L,L,L
N,G,D,E,D,D,D,D,D,D,D,G
E,E,E,E,E,E,D,E,E,E,E,E
K,K,K,K,K,K,K,K,K,K,K,K
D,D,D,D,D,D,D,D,D,D,D,D
L,L,L,L,L,L,L,L,L,L,L,L
A,A,A,A,A,A,A,A,A,A,A,A
L,L,L,L,L,L,L,L,L,L,L,L
Y,Y,Y,Y,Y,Y,Y,Y,Y,Y,Y,Y
R,R,R,R,R,R,R,R,R,R,R,R
L,L,L,L,L,L,L,L,L,L,L,L
C,C,C,C,C,C,C,C,C,C,C,C
A,A,A,A,A,A,A,A,A,A,A,A
A,A,A,A,A,A,A,A,A,A,A,A
E,E,E,E,E,E,E,E,E,E,E,E
Y,Y,Y,Y,Y,Y,Y,Y,Y,Y,Y,Y
A,A,A,A,A,A,A,A,A,A,A,A
S,S,S,S,S,S,S,S,S,S,S,S
H,H,H,H,H,H,H,H,H,H,H,H
L,L,L,L,L,L,L,L,L,L,L,L
H,H,H,H,H,H,H,H,H,H,H,H
N,N,N,N,N,N,N,N,N,N,N,N
V,V,V,V,V,V,V,V,V,V,V,V
L,L,L,L,L,L,L,L,L,L,L,L
G,G,G,G,G,G,G,G,G,G,G,G
K,K,K,K,K,K,K,K,K,K,K,K
T,T,T,T,T,T,T,T,T,T,T,T
G,G,G,G,G,G,G,G,G,G,G,G
A,A,T,A,T,T,A,T,T,A,A,A
P,P,P,P,P,P,P,P,P,P,P,P
L,L,L,L,L,L,L,L,L,L,L,L
T,T,T,T,T,T,T,T,T,T,T,T
N,N,N,N,N,N,N,N,N,N,N,N
V,V,V,V,V,V,V,V,V,V,V,V
E,E,E,E,E,E,E,E,E,E,E,E
A,A,A,A,A,A,A,A,A,A,A,A
V,V,V,V,V,V,V,V,V,V,V,V
L,L,L,L,L,L,L,L,L,L,L,L
G,G,G,G,G,G,G,G,G,G,G,G
I,I,I,I,I,I,I,I,I,I,I,I
D,D,D,D,D,D,D,D,D,D,D,D
G,G,G,G,G,G,G,G,G,G,G,G
L,L,L,L,L,L,L,L,L,L,L,L
D,D,D,D,D,D,D,D,D,D,D,D
A,A,A,A,A,A,A,A,A,A,A,A
M,M,M,M,M,M,M,M,M,M,M,M
E,E,E,E,E,E,E,E,E,E,E,E
P,P,P,P,P,P,P,P,P,P,P,P
N,N,N,N,N,N,N,N,N,N,N,N
T,T,T,T,T,T,T,T,T,T,T,T
A,A,A,A,A,A,A,A,A,A,A,A
P,P,P,P,P,P,P,P,P,P,P,P
G,G,G,G,G,G,G,G,G,G,G,G
L,L,L,L,L,L,L,L,L,L,L,L
P,P,P,P,P,P,P,P,P,P,P,P
W,W,W,W,W,W,W,W,W,W,W,W
A,A,A,A,A,A,A,A,A,A,A,A
L,L,L,L,L,L,L,L,L,L,L,L
Q,Q,Q,Q,Q,Q,Q,Q,Q,Q,Q,Q
H,H,H,H,H,H,H,H,H,H,H,H
K,K,K,K,K,K,K,K,K,K,K,K
R,R,R,R,R,R,R,R,R,R,R,R
R,R,R,R,R,R,R,R,R,R,R,R
H,H,H,H,H,H,H,H,H,H,H,H
D,D,D,D,D,D,D,D,D,D,D,D
L,L,L,L,L,L,L,L,L,L,L,L
L,L,L,L,L,L,L,L,L,L,L,L
D,D,D,D,D,D,D,D,D,D,D,D
F,F,F,F,F,F,F,F,F,F,F,F
T,T,T,T,T,T,T,T,T,T,T,T
T,T,T,T,T,T,T,T,T,T,T,T
G,G,G,G,G,G,G,G,G,G,G,G
E,E,E,E,E,E,E,E,E,E,E,E
M,M,M,M,M,M,M,M,M,M,M,M
Q,Q,Q,Q,Q,Q,Q,Q,Q,Q,Q,Q
P,P,P,P,P,P,P,P,P,P,P,P
A,A,A,A,A,A,A,A,A,A,A,A
L,L,L,L,L,L,L,L,L,L,L,L
A,A,A,A,A,A,A,A,A,A,A,A
E,E,E,E,E,E,E,E,E,E,E,E
R,R,R,R,R,R,R,R,R,R,R,R
F,F,F,F,F,F,F,F,F,F,F,F
E,E,E,E,E,E,E,E,E,E,E,E
Q,Q,Q,Q,Q,Q,Q,Q,Q,Q,Q,Q
L,L,L,L,L,L,L,L,L,L,L,L
E,E,E,E,E,E,E,E,E,E,E,E
N,N,N,N,N,N,N,N,N,N,N,N
M,M,M,M,M,M,M,M,M,M,M,M
D,D,D,N,D,D,D,D,D,D,D,D
Y,Y,Y,Y,Y,Y,Y,Y,Y,Y,Y,Y
N,S,S,S,S,S,S,S,S,T,T,S
F,F,F,F,F,F,F,F,F,F,F,F
E,E,E,E,E,E,E,E,E,E,E,E
C,C,C,C,C,C,C,C,C,C,C,C
Q,Q,Q,Q,Q,Q,Q,Q,Q,Q,Q,Q
T,T,T,T,T,T,T,T,T,T,T,T
F,F,F,F,F,F,F,F,F,F,F,F
L,L,L,L,L,L,L,L,L,L,L,L
K,K,K,K,K,K,K,K,K,K,K,K
D,D,D,D,D,D,D,D,D,D,D,D
E,E,E,E,E,E,E,E,E,E,E,E
I,I,I,I,I,I,I,I,I,I,I,I
R,R,R,R,R,R,R,R,R,R,R,R
P,P,P,P,P,P,P,P,P,P,P,P
N,S,N,S,N,N,N,N,N,N,N,S
E,E,E,E,E,E,E,E,E,E,E,E
K,K,K,K,K,K,K,K,K,K,K,K
V,V,V,V,V,V,V,V,V,V,V,V
K,R,K,K,K,K,K,K,K,K,K,R
A,A,A,A,A,A,A,A,A,A,A,A
G,G,G,G,G,G,G,G,G,G,G,G
K,K,K,K,K,K,K,K,K,K,K,K
T,T,T,T,T,T,T,T,T,T,T,T
R,R,R,R,R,R,R,R,R,R,R,R
I,I,I,I,I,I,I,I,I,I,I,I
V,V,V,V,V,V,V,V,V,V,V,V
D,D,D,D,D,D,D,D,D,D,D,D
V,V,V,V,V,V,V,V,V,V,V,V
L,L,L,L,L,L,L,L,L,L,L,L
P,P,P,P,P,P,P,P,P,P,P,P
L,L,L,L,L,L,L,L,L,L,L,L
E,E,E,E,E,E,E,E,E,E,E,E
H,H,H,H,H,H,H,H,H,H,H,H
I,I,I,I,I,I,I,I,I,I,I,I
V,I,V,V,V,V,V,V,V,V,V,I
F,F,F,F,F,F,F,F,F,F,F,F
S,S,S,S,S,S,S,S,S,S,S,S
R,R,R,R,R,R,R,R,R,R,R,R
K,K,K,K,K,K,K,K,K,K,K,K
Y,Y,Y,Y,Y,Y,Y,Y,Y,Y,Y,Y
L,L,L,L,L,L,L,L,L,L,L,L
G,G,G,G,G,G,G,G,G,G,G,G
R,R,R,R,R,R,R,R,R,R,R,R
F,F,F,F,F,F,F,F,F,F,F,F
C,C,C,C,C,C,C,C,C,C,C,C
A,A,A,A,A,A,A,A,A,A,A,A
A,A,A,A,A,A,A,A,A,A,A,A
M,M,M,M,M,M,M,M,M,M,M,M
H,H,H,H,H,H,H,H,H,H,H,H
R,R,R,R,R,R,R,R,R,R,R,R
N,N,N,N,N,N,N,N,N,N,N,N
Y,Y,Y,Y,Y,Y,Y,Y,Y,Y,Y,Y
G,G,G,G,G,G,G,G,G,G,G,G
P,P,P,P,P,P,P,P,P,P,P,P
N,N,S,N,S,S,S,S,S,N,N,N
I,I,I,I,I,I,I,I,I,I,I,I
G,G,G,G,G,G,G,G,G,G,G,G
S,S,S,S,S,S,S,S,S,S,S,S
A,A,A,A,A,A,A,A,A,A,A,A
V,V,V,V,V,V,V,V,V,V,V,V
G,G,G,G,G,G,G,G,G,G,G,G
C,C,C,C,C,C,C,C,C,C,C,C
D,D,D,D,D,D,D,D,D,D,D,D
P,P,P,P,P,P,P,P,P,P,P,P
D,D,D,D,D,D,D,D,D,D,D,D
V,V,V,V,V,I,V,V,V,V,V,V
A,A,A,A,A,A,A,A,A,A,A,A
W,W,W,W,W,W,W,W,W,W,W,W
Q,Q,Q,Q,Q,Q,Q,Q,Q,Q,Q,Q
E,E,E,E,E,E,E,E,E,E,E,E
F,F,F,F,F,F,F,F,F,F,F,F
G,G,G,G,G,G,G,G,G,G,G,G
T,T,T,T,T,T,T,T,T,T,T,T
H,H,H,H,H,H,H,H,H,H,H,H
F,F,F,F,F,F,F,F,F,F,F,F
S,S,S,S,S,S,S,S,S,S,S,S
Q,Q,Q,Q,Q,Q,R,Q,Q,Q,Q,Q
Y,Y,Y,F,Y,Y,Y,Y,Y,Y,Y,Y
K,R,K,K,R,K,K,K,K,K,K,R
N,N,N,N,N,N,N,N,N,N,N,N
V,V,V,V,V,V,V,V,V,V,V,V
W,W,W,W,W,W,W,W,W,W,W,W
A,A,A,A,A,A,A,A,A,A,A,A
I,I,I,I,I,I,I,I,I,I,I,I
D,D,D,D,D,D,D,D,D,D,D,D
Y,Y,Y,Y,Y,Y,Y,Y,Y,Y,Y,Y
T,T,T,T,T,T,T,T,T,T,T,T
A,A,A,A,A,A,A,A,A,A,A,A
F,F,F,F,F,F,F,F,F,F,F,F
D,D,D,D,D,D,D,D,D,D,D,D
S,S,S,S,S,S,S,S,S,S,S,S
C,C,C,C,C,C,C,C,C,C,C,C
H,H,H,H,H,H,H,H,H,H,H,H
S,S,S,S,S,S,S,S,S,S,S,S
T,T,T,T,T,T,T,T,T,T,T,T
Q,Q,Q,Q,Q,Q,Q,Q,Q,Q,Q,Q
L,L,L,L,L,L,L,L,L,L,L,L
M,M,M,M,M,M,M,M,M,M,M,M
S,S,S,S,S,S,S,S,S,S,S,S
V,V,V,V,V,V,V,V,V,V,V,V
M,M,M,M,M,M,M,M,M,M,M,M
A,A,A,A,A,A,A,A,A,A,A,A
D,D,D,D,D,D,D,D,D,D,D,D
E,E,E,E,E,E,E,E,E,E,E,E
V,V,V,V,V,V,V,V,L,V,V,V
F,F,F,F,F,F,F,F,F,F,F,F
S,S,S,S,S,S,S,S,S,S,S,S
D,D,D,D,D,D,D,D,D,D,D,D
A,A,A,A,A,A,A,A,A,A,A,A
H,Y,Y,H,Y,Y,Y,Y,Y,H,H,Y
G,G,G,G,G,G,G,G,G,G,G,G
F,F,F,F,F,F,F,F,F,F,F,F
D,D,D,D,D,D,D,D,D,D,D,D
E,E,E,E,E,E,E,E,E,E,E,E
R,R,R,R,R,R,R,R,R,R,R,R
A,A,A,A,A,A,A,A,A,A,A,A
R,R,R,R,R,R,R,R,R,R,R,R
Y,Y,Y,Y,Y,Y,Y,Y,Y,Y,Y,Y
A,A,A,A,A,A,A,A,A,A,A,A
V,V,V,V,V,V,V,V,V,V,V,V
K,K,K,K,K,K,K,K,K,K,K,K
S,S,S,S,S,S,S,S,S,S,S,S
L,L,L,L,L,L,L,L,L,L,L,L
C,C,C,C,C,C,C,C,C,C,C,C
K,K,K,K,K,K,K,K,K,K,K,K
T,T,T,T,T,T,T,T,T,T,T,T
V,V,V,V,V,V,V,V,V,V,V,V
H,H,H,H,H,H,H,H,H,H,H,H
A,A,A,A,A,A,A,A,A,A,A,A
Y,Y,Y,Y,Y,Y,Y,Y,Y,Y,Y,Y
E,E,E,E,E,E,E,E,E,E,E,E
D,D,D,D,D,D,D,D,D,D,D,D
K,K,K,K,K,K,K,K,K,K,K,K
R,R,R,R,R,R,R,R,R,R,R,R
I,I,I,I,I,I,I,I,I,I,I,I
T,T,T,T,T,T,T,T,T,T,T,T
I,I,I,I,I,I,I,I,I,I,I,I
D,D,D,D,D,D,D,D,D,D,D,D
G,G,G,G,G,G,G,G,G,G,G,G
G,G,G,G,G,G,G,G,G,G,G,G
L,L,L,L,L,L,L,L,L,L,L,L
P,P,P,P,P,P,P,P,P,P,P,P
S,S,S,S,S,S,S,S,S,S,S,S
G,G,G,G,G,G,G,G,G,G,G,G
C,C,C,C,C,C,C,C,C,C,C,C
S,S,S,S,S,S,S,S,S,S,S,S
A,A,A,A,A,A,A,A,A,A,A,A
T,T,T,T,T,T,T,T,T,T,T,T
S,S,S,S,S,S,S,S,S,S,S,S
I,I,I,I,I,I,I,I,I,I,I,I
L,L,L,L,L,L,L,L,L,L,L,L
N,N,N,N,N,N,N,N,N,N,N,N
T,T,T,T,T,T,T,T,T,T,T,T
V,V,V,V,V,V,V,V,V,V,V,V
L,L,L,L,L,L,L,L,L,L,L,L
N,N,N,N,N,N,N,N,N,N,N,N
N,N,N,N,N,N,N,N,N,N,N,N
I,I,I,I,I,I,I,I,I,I,I,I
Y,Y,Y,Y,Y,Y,Y,Y,Y,Y,Y,Y
V,V,V,V,V,V,V,V,V,V,V,V
M,M,M,M,M,M,M,M,M,M,M,M
F,F,F,F,F,F,F,F,F,F,F,F
A,A,A,A,A,A,A,A,A,A,A,A
L,L,L,L,L,L,L,L,L,L,L,L
K,K,R,K,K,K,K,K,K,K,K,K
R,R,R,R,R,R,R,R,R,R,R,R
T,T,T,T,T,T,T,T,T,T,T,T
Y,Y,Y,Y,Y,Y,Y,Y,Y,Y,Y,Y
P,P,P,P,P,P,P,P,P,P,P,P
N,N,N,N,N,N,N,N,N,N,N,N
T,T,T,T,T,T,T,T,T,T,T,T
E,E,E,E,E,E,E,E,E,E,E,E
M,M,M,M,M,M,M,M,M,M,M,M
S,S,G,G,G,G,G,G,G,S,S,S
D,D,D,D,D,D,D,D,D,D,D,D
Y,Y,Y,Y,Y,Y,Y,Y,Y,Y,Y,Y
S,S,S,S,S,S,S,S,S,S,S,S
L,L,L,L,L,L,L,L,L,L,L,L
I,I,I,I,I,I,I,I,I,I,I,I
A,A,A,A,A,A,A,A,A,A,A,A
Y,Y,Y,Y,Y,Y,Y,Y,Y,Y,Y,Y
G,G,G,G,G,G,G,G,G,G,G,G
D,D,D,D,D,D,D,D,D,D,D,D
D,D,D,D,D,D,D,D,D,D,D,D
L,L,L,L,L,L,L,L,L,L,L,L
V,V,I,V,V,V,V,V,V,V,V,V
L,L,L,L,L,L,L,L,L,L,L,L
A,A,A,A,A,A,A,A,A,A,A,A
S,S,S,S,S,S,S,S,S,S,S,S
D,D,D,D,D,D,D,D,D,D,D,D
L,F,L,F,F,F,F,F,F,L,L,F
D,D,D,D,D,D,D,D,D,D,D,D
Y,Y,Y,Y,Y,Y,Y,Y,Y,Y,Y,Y
D,D,D,D,D,D,D,D,D,D,D,D
I,I,I,I,I,I,I,I,I,I,I,I
N,N,N,N,N,N,N,N,N,N,N,N
L,L,L,L,I,L,L,L,L,L,L,L
V,V,V,V,V,V,V,V,V,V,V,V
K,K,K,K,K,K,K,K,K,K,K,K
K,K,K,K,K,K,K,K,K,K,K,K
S,S,S,S,S,S,S,S,S,S,S,S
F,F,F,F,F,F,F,F,F,F,F,F
A,A,A,A,A,A,A,A,A,A,A,A
V,V,V,I,V,V,V,V,V,V,V,V
L,L,L,L,L,L,L,L,L,L,L,L
G,G,G,G,G,G,G,G,G,G,G,G
H,H,H,H,H,H,H,H,H,H,H,H
T,T,T,T,T,T,T,T,T,T,T,T
I,I,I,I,I,I,I,I,I,I,I,I
T,T,T,T,T,T,T,T,T,T,T,T
P,P,P,P,P,P,P,P,P,P,P,P
E,E,E,E,E,E,E,E,E,E,E,E
D,D,D,D,D,D,D,D,D,D,D,D
K,K,K,K,K,K,K,K,K,K,K,K
S,S,S,S,S,S,S,S,S,S,S,S
D,D,D,D,D,D,D,D,D,D,D,D
S,N,S,G,N,N,N,N,N,N,N,N
G,G,G,G,G,G,G,G,G,G,G,G
F,F,F,F,F,F,F,F,F,F,F,F
T,T,A,T,T,T,T,T,T,T,T,T
L,L,L,L,L,L,L,L,L,L,L,L
G,G,G,G,G,G,G,G,G,G,G,G
K,K,K,K,K,K,R,K,K,K,K,K
S,N,N,S,S,S,S,S,G,S,S,N
I,I,I,I,I,I,I,I,I,I,I,I
T,T,T,T,T,T,T,T,T,T,T,T
D,D,D,D,D,D,D,D,D,D,D,D
V,V,V,V,V,V,V,V,V,V,V,V
T,T,T,T,T,T,T,T,T,T,T,T
F,F,F,F,F,F,F,F,F,F,F,F
L,L,L,L,L,L,L,L,L,L,L,L
K,K,K,K,K,K,K,K,K,K,K,K
R,R,R,R,R,R,R,R,R,R,R,R
A,A,A,A,A,A,A,A,A,A,A,A
F,F,F,F,F,F,F,F,F,F,F,F
E,E,K,E,E,E,E,E,E,E,E,E
R,R,R,R,R,R,R,R,R,R,R,R
D,D,D,D,D,D,D,D,D,D,D,D
C,C,C,C,C,C,C,C,C,C,C,C
V,V,V,V,V,V,V,V,V,V,V,V
L,L,L,L,L,L,L,L,L,L,L,L
G,G,G,G,G,G,G,G,G,G,G,G
F,F,F,F,F,?,F,F,F,L,L,F
Y,Y,Y,Y,Y,?,Y,Y,Y,Y,Y,Y
K,K,K,K,K,?,K,K,K,K,K,K
P,P,P,P,P,P,P,P,P,P,P,P
V,V,V,V,V,V,V,V,V,V,V,V
M,M,M,M,M,M,M,M,M,M,M,M
D,N,D,N,N,N,N,N,N,D,D,N
S,S,S,S,S,S,S,S,S,S,S,S
K,K,K,K,K,K,K,K,K,K,K,K
V,V,I,V,V,V,V,V,V,V,V,V
L,L,L,L,L,L,L,L,L,L,L,L
E,E,E,E,E,E,E,E,E,E,E,E
A,A,A,A,A,A,A,A,A,A,A,A
I,I,I,I,I,I,I,I,I,I,I,I
L,L,L,L,L,L,L,L,L,L,L,L
S,S,S,S,S,S,S,S,S,S,S,S
F,F,F,F,F,F,F,F,F,F,F,F
A,A,A,A,A,A,A,A,A,A,A,A
R,R,R,R,R,R,R,R,R,R,R,R
R,R,R,R,R,R,R,R,R,R,R,R
G,G,G,G,G,G,G,G,G,G,G,G
T,T,T,T,T,T,T,T,T,T,T,T
L,L,L,L,L,L,L,L,L,L,L,L
Q,Q,Q,Q,Q,Q,Q,Q,Q,Q,Q,Q
E,E,E,E,E,E,E,E,E,E,E,E
K,K,K,K,K,K,K,K,K,K,K,K
L,L,L,L,L,L,L,L,L,L,L,L
T,T,T,T,T,T,T,T,T,T,T,T
S,S,S,S,S,S,S,S,S,S,S,S
V,V,V,V,V,V,V,V,V,V,V,V
A,A,A,A,A,A,A,A,A,A,A,A
G,G,G,G,G,G,G,G,G,G,G,G
L,L,L,L,L,L,L,L,L,L,L,L
A,A,A,A,A,A,A,A,A,A,A,A
F,F,F,F,F,F,F,F,F,F,F,F
H,H,H,H,H,H,H,H,H,H,H,H
S,S,S,S,S,S,S,S,S,S,S,S
G,G,G,G,G,G,G,G,G,G,G,G
E,E,E,E,E,E,E,E,E,E,E,E
E,E,E,E,E,E,V,E,E,E,E,E
E,E,E,E,E,E,E,E,E,E,E,E
Y,Y,Y,Y,Y,Y,Y,Y,Y,Y,Y,Y
N,N,N,N,N,N,N,N,N,N,N,N
R,R,R,R,R,R,R,R,R,R,R,R
L,L,L,L,L,L,L,L,L,L,L,L
F,F,F,F,F,F,F,F,F,F,F,F
S,S,S,S,S,S,S,S,S,S,S,S
P,P,P,P,P,P,P,P,P,P,P,P
F,F,F,F,F,F,F,F,F,F,F,F
V,V,V,A,V,V,V,V,V,V,V,V
G,G,G,G,G,G,G,G,G,G,G,G
S,S,S,S,S,S,S,S,S,S,S,S
F,F,F,F,F,F,F,F,F,F,F,F
E,E,E,E,E,E,E,E,E,E,E,E
I,I,I,I,I,I,I,I,I,I,I,I
P,P,P,P,P,P,P,P,P,P,P,P
S,S,S,S,S,S,S,S,S,S,S,S
Y,Y,Y,Y,Y,Y,Y,Y,Y,Y,Y,Y
R,R,R,R,R,R,R,R,R,R,R,R
C,C,Y,C,C,C,C,C,C,C,C,C
L,L,L,L,L,L,L,L,L,L,L,L
R,R,R,R,R,R,R,R,R,R,R,R
L,L,L,L,L,L,L,L,L,L,L,L
R,R,R,R,R,R,R,R,R,R,R,R
W,W,W,W,W,W,W,W,W,W,W,W
